bead_batch,nearest_dose,pert_dose,pert_dose_unit,pert_idose,pert_itime,pert_time,pert_time_unit,cell_mfc_name,pert_mfc_id,nsample,cc_q75,ss_ngene,tas,pct_self_rank_q25,wt,median_recall_rank_spearman,median_recall_rank_wtcs_50,median_recall_score_spearman,median_recall_score_wtcs_50,batch_effect_tstat,batch_effect_tstat_pct,is_hiq,qc_pass,pert_id,sig_id,pert_type,cell_iname,det_wells,det_plates,distil_ids,build_name,project_code,cmap_name,is_exemplar_sig,is_ncs_sig,is_null_sig,quality_replicates,per_cell_sigs,duplIdentifier,dupl_counts,conditionId
b33,3.33,3.33,uM,3.33 uM,24 h,24,h,HELA,BRD-K36363294,3,0.6614,372,0.501573,0.605381,"0.33,0.32,0.35",1.48285,0.404313,0.628718,0.840022,5.41,20.8441,1,1,BRD-K36363294,LJP008_HELA_24H:K02,trt_cp,HELA,K02,LJP008_HELA_24H_X1_B33|LJP008_HELA_24H_X2_B33|LJP008_HELA_24H_X3_B33,LJP008_HELA_24H_X1_B33:K02|LJP008_HELA_24H_X2_B33:K02|LJP008_HELA_24H_X3_B33:K02,,LJP,I-BET-151,1,1,0,1,242,I-BET-151_3.33 uM_24 h_HELA,1,I-BET-151_3.33 uM_24 h
b33,10,10,uM,10 uM,24 h,24,h,HELA,BRD-K53281329,3,0.7388,437,0.574559,0,"0.33,0.36,0.31",0,0,0.690152,0.861373,9.6,40.0517,1,1,BRD-K53281329,LJP009_HELA_24H:H01,trt_cp,HELA,H01,LJP009_HELA_24H_X1_B33|LJP009_HELA_24H_X2_B33|LJP009_HELA_24H_X3_B33,LJP009_HELA_24H_X1_B33:H01|LJP009_HELA_24H_X2_B33:H01|LJP009_HELA_24H_X3_B33:H01,,LJP,BAY-61-3606,1,1,0,1,242,BAY-61-3606_10 uM_24 h_HELA,1,BAY-61-3606_10 uM_24 h
b33,1.11,1.11,uM,1.11 uM,24 h,24,h,HELA,BRD-K87142802,3,0.4758,283,0.371053,0.784753,"0.32,0.33,0.34",1.88462,2.29365,0.464068,0.585103,5.41,20.8441,1,1,BRD-K87142802,LJP008_HELA_24H:A09,trt_cp,HELA,A09,LJP008_HELA_24H_X1_B33|LJP008_HELA_24H_X2_B33|LJP008_HELA_24H_X3_B33,LJP008_HELA_24H_X1_B33:A09|LJP008_HELA_24H_X2_B33:A09|LJP008_HELA_24H_X3_B33:A09,,LJP,veliparib,1,1,0,1,242,veliparib_1.11 uM_24 h_HELA,1,veliparib_1.11 uM_24 h
b33,10,10,uM,10 uM,24 h,24,h,HELA,BRD-K76401790,3,0.7498,460,0.593857,0.0228728,"0.34,0.33,0.34",0,0.272856,0.72058,0.858847,9.6,40.0517,1,1,BRD-K76401790,LJP009_HELA_24H:N13,trt_cp,HELA,N13,LJP009_HELA_24H_X1_B33|LJP009_HELA_24H_X2_B33|LJP009_HELA_24H_X3_B33,LJP009_HELA_24H_X1_B33:N13|LJP009_HELA_24H_X2_B33:N13|LJP009_HELA_24H_X3_B33:N13,,LJP,JNK-IN-5A,1,1,0,1,242,JNK-IN-5A_10 uM_24 h_HELA,1,JNK-IN-5A_10 uM_24 h
b33,10,10,uM,10 uM,24 h,24,h,HELA,BRD-K26760349,3,0.5686,251,0.382007,0,"0.34,0.33,0.33",0,0,0.566353,0.764849,5.76,22.1648,1,1,BRD-K26760349,LJP007_HELA_24H:K13,trt_cp,HELA,K13,LJP007_HELA_24H_X1_B33|LJP007_HELA_24H_X2_B33|LJP007_HELA_24H_X3_B33,LJP007_HELA_24H_X1_B33:K13|LJP007_HELA_24H_X2_B33:K13|LJP007_HELA_24H_X3_B33:K13,,LJP,HG-9-91-01,1,1,0,1,242,HG-9-91-01_10 uM_24 h_HELA,1,HG-9-91-01_10 uM_24 h
b33,10,10,uM,10 uM,24 h,24,h,HELA,BRD-U24835547,3,0.5351,260,0.377168,0.32022,"0.31,0.35,0.34",0.695646,0.698324,0.471152,0.764061,9.6,40.0517,1,1,BRD-U24835547,LJP009_HELA_24H:F01,trt_cp,HELA,F01,LJP009_HELA_24H_X1_B33|LJP009_HELA_24H_X2_B33|LJP009_HELA_24H_X3_B33,LJP009_HELA_24H_X1_B33:F01|LJP009_HELA_24H_X2_B33:F01|LJP009_HELA_24H_X3_B33:F01,,LJP,GSK-1059615,1,1,0,1,242,GSK-1059615_10 uM_24 h_HELA,1,GSK-1059615_10 uM_24 h
b33,10,10,uM,10 uM,24 h,24,h,HELA,BRD-K26818574,3,0.6033,418,0.507791,0.044843,"0.27,0.38,0.35",0.134771,0.269542,0.437193,0.740062,5.41,20.8441,1,1,BRD-K26818574,LJP008_HELA_24H:I13,trt_cp,HELA,I13,LJP008_HELA_24H_X1_B33|LJP008_HELA_24H_X2_B33|LJP008_HELA_24H_X3_B33,LJP008_HELA_24H_X1_B33:I13|LJP008_HELA_24H_X2_B33:I13|LJP008_HELA_24H_X3_B33:I13,,LJP,BIX-01294,1,1,0,1,242,BIX-01294_10 uM_24 h_HELA,1,BIX-01294_10 uM_24 h
b33,10,10,uM,10 uM,24 h,24,h,HELA,BRD-K59317601,3,0.7161,550,0.634598,0,"0.33,0.31,0.36",0,0.276243,0.674541,0.760373,5.76,22.1648,1,1,BRD-K59317601,LJP007_HELA_24H:L07,trt_cp,HELA,L07,LJP007_HELA_24H_X1_B33|LJP007_HELA_24H_X2_B33|LJP007_HELA_24H_X3_B33,LJP007_HELA_24H_X1_B33:L07|LJP007_HELA_24H_X2_B33:L07|LJP007_HELA_24H_X3_B33:L07,,LJP,MLN-0128,1,1,0,1,242,MLN-0128_10 uM_24 h_HELA,1,MLN-0128_10 uM_24 h
b33,10,10,uM,10 uM,24 h,24,h,HELA,BRD-K80700417,3,0.5186,234,0.352253,0,"0.33,0.32,0.35",0,0,0.48532,0.844679,5.76,22.1648,1,1,BRD-K80700417,LJP007_HELA_24H:D01,trt_cp,HELA,D01,LJP007_HELA_24H_X1_B33|LJP007_HELA_24H_X2_B33|LJP007_HELA_24H_X3_B33,LJP007_HELA_24H_X1_B33:D01|LJP007_HELA_24H_X2_B33:D01|LJP007_HELA_24H_X3_B33:D01,,LJP,SGI-1776,1,1,0,1,242,SGI-1776_10 uM_24 h_HELA,1,SGI-1776_10 uM_24 h
b33,10,10,uM,10 uM,24 h,24,h,HELA,BRD-K49055432,3,0.515,315,0.407277,0,"0.33,0.36,0.31",1.79558,0.688705,0.485117,0.617095,5.76,22.1648,1,1,BRD-K49055432,LJP007_HELA_24H:B19,trt_cp,HELA,B19,LJP007_HELA_24H_X1_B33|LJP007_HELA_24H_X2_B33|LJP007_HELA_24H_X3_B33,LJP007_HELA_24H_X1_B33:B19|LJP007_HELA_24H_X2_B33:B19|LJP007_HELA_24H_X3_B33:B19,,LJP,A-66,1,1,0,1,242,A-66_10 uM_24 h_HELA,1,A-66_10 uM_24 h
b33,3.33,3.33,uM,3.33 uM,24 h,24,h,HELA,BRD-K29415052,3,0.7344,475,0.597233,0.205479,"0.34,0.34,0.33",0.273611,0,0.696059,0.865253,5.76,22.1648,1,1,BRD-K29415052,LJP007_HELA_24H:N08,trt_cp,HELA,N08,LJP007_HELA_24H_X1_B33|LJP007_HELA_24H_X2_B33|LJP007_HELA_24H_X3_B33,LJP007_HELA_24H_X1_B33:N08|LJP007_HELA_24H_X2_B33:N08|LJP007_HELA_24H_X3_B33:N08,,LJP,BGT-226,1,1,0,1,242,BGT-226_3.33 uM_24 h_HELA,1,BGT-226_3.33 uM_24 h
b33,10,10,uM,10 uM,24 h,24,h,HELA,BRD-K13094524,3,0.6703,362,0.498103,0.381166,"0.34,0.32,0.34",1.34917,0.405405,0.627442,0.849739,5.41,20.8441,1,1,BRD-K13094524,LJP008_HELA_24H:G01,trt_cp,HELA,G01,LJP008_HELA_24H_X1_B33|LJP008_HELA_24H_X2_B33|LJP008_HELA_24H_X3_B33,LJP008_HELA_24H_X1_B33:G01|LJP008_HELA_24H_X2_B33:G01|LJP008_HELA_24H_X3_B33:G01,,LJP,PFI-1,1,1,0,1,242,PFI-1_10 uM_24 h_HELA,1,PFI-1_10 uM_24 h
b33,10,10,uM,10 uM,24 h,24,h,HELA,BRD-K83972459,3,0.6064,311,0.439127,0,"0.31,0.34,0.34",0,0,0.523222,0.744147,9.6,40.0517,1,1,BRD-K83972459,LJP009_HELA_24H:C01,trt_cp,HELA,C01,LJP009_HELA_24H_X1_B33|LJP009_HELA_24H_X2_B33|LJP009_HELA_24H_X3_B33,LJP009_HELA_24H_X1_B33:C01|LJP009_HELA_24H_X2_B33:C01|LJP009_HELA_24H_X3_B33:C01,,LJP,JWE-035,1,1,0,1,242,JWE-035_10 uM_24 h_HELA,1,JWE-035_10 uM_24 h
b33,10,10,uM,10 uM,24 h,24,h,HELA,BRD-K72703948,3,0.3594,283,0.322487,9.99543,"0.06,0.49,0.45",38.0194,2.47111,0.0563493,0.501203,9.6,40.0517,1,1,BRD-K72703948,LJP009_HELA_24H:M01,trt_cp,HELA,M01,LJP009_HELA_24H_X1_B33|LJP009_HELA_24H_X2_B33|LJP009_HELA_24H_X3_B33,LJP009_HELA_24H_X1_B33:M01|LJP009_HELA_24H_X2_B33:M01|LJP009_HELA_24H_X3_B33:M01,,LJP,ZM-447439,1,1,0,1,242,ZM-447439_10 uM_24 h_HELA,1,ZM-447439_10 uM_24 h
b33,10,10,uM,10 uM,24 h,24,h,HELA,BRD-K20526256,3,0.6403,448,0.541578,0,"0.32,0.36,0.32",0.271739,0,0.629942,0.838985,5.76,22.1648,1,1,BRD-K20526256,LJP007_HELA_24H:L13,trt_cp,HELA,L13,LJP007_HELA_24H_X1_B33|LJP007_HELA_24H_X2_B33|LJP007_HELA_24H_X3_B33,LJP007_HELA_24H_X1_B33:L13|LJP007_HELA_24H_X2_B33:L13|LJP007_HELA_24H_X3_B33:L13,,LJP,HG-14-10-04,1,1,0,1,242,HG-14-10-04_10 uM_24 h_HELA,1,HG-14-10-04_10 uM_24 h
b33,10,10,uM,10 uM,24 h,24,h,HELA,BRD-K64857848,3,0.4323,320,0.376096,0,"0.33,0.34,0.33",2.44565,0,0.426585,0.717826,5.76,22.1648,1,1,BRD-K64857848,LJP007_HELA_24H:A07,trt_cp,HELA,A07,LJP007_HELA_24H_X1_B33|LJP007_HELA_24H_X2_B33|LJP007_HELA_24H_X3_B33,LJP007_HELA_24H_X1_B33:A07|LJP007_HELA_24H_X2_B33:A07|LJP007_HELA_24H_X3_B33:A07,,LJP,XMD-885,1,1,0,1,242,XMD-885_10 uM_24 h_HELA,1,XMD-885_10 uM_24 h
b33,10,10,uM,10 uM,24 h,24,h,HELA,BRD-A61304759,3,0.731,497,0.609491,0,"0.33,0.34,0.34",0,0,0.694187,0.862248,9.6,40.0517,1,1,BRD-A61304759,LJP009_HELA_24H:A04,trt_cp,HELA,A04,LJP009_HELA_24H_X1_B33|LJP009_HELA_24H_X2_B33|LJP009_HELA_24H_X3_B33,LJP009_HELA_24H_X1_B33:A04|LJP009_HELA_24H_X2_B33:A04|LJP009_HELA_24H_X3_B33:A04,,LJP,tanespimycin,1,1,0,1,242,tanespimycin_10 uM_24 h_HELA,1,tanespimycin_10 uM_24 h
b33,10,10,uM,10 uM,24 h,24,h,HELA,BRD-A90451247,3,0.4854,296,0.383289,0,"0.30,0.35,0.35",0.135135,0.134409,0.401989,0.712097,5.41,20.8441,1,1,BRD-A90451247,LJP008_HELA_24H:B19,trt_cp,HELA,B19,LJP008_HELA_24H_X1_B33|LJP008_HELA_24H_X2_B33|LJP008_HELA_24H_X3_B33,LJP008_HELA_24H_X1_B33:B19|LJP008_HELA_24H_X2_B33:B19|LJP008_HELA_24H_X3_B33:B19,,LJP,KU-60019,1,1,0,1,242,KU-60019_10 uM_24 h_HELA,1,KU-60019_10 uM_24 h
b33,3.33,3.33,uM,3.33 uM,24 h,24,h,HELA,BRD-K14109347,3,0.5474,304,0.412496,0.112108,"0.38,0.28,0.34",0.672405,0.269542,0.419483,0.734007,5.41,20.8441,1,1,BRD-K14109347,LJP008_HELA_24H:P14,trt_cp,HELA,P14,LJP008_HELA_24H_X1_B33|LJP008_HELA_24H_X2_B33|LJP008_HELA_24H_X3_B33,LJP008_HELA_24H_X1_B33:P14|LJP008_HELA_24H_X2_B33:P14|LJP008_HELA_24H_X3_B33:P14,,LJP,LY-2603618,1,1,0,1,242,LY-2603618_3.33 uM_24 h_HELA,1,LY-2603618_3.33 uM_24 h
b33,10,10,uM,10 uM,24 h,24,h,HELA,BRD-K37720887,3,0.4678,202,0.31084,0.0228311,"0.36,0.32,0.32",0.275482,0,0.465409,0.70314,5.76,22.1648,1,1,BRD-K37720887,LJP007_HELA_24H:L01,trt_cp,HELA,L01,LJP007_HELA_24H_X1_B33|LJP007_HELA_24H_X2_B33|LJP007_HELA_24H_X3_B33,LJP007_HELA_24H_X1_B33:L01|LJP007_HELA_24H_X2_B33:L01|LJP007_HELA_24H_X3_B33:L01,,LJP,SB-525334,1,1,0,1,242,SB-525334_10 uM_24 h_HELA,1,SB-525334_10 uM_24 h
b33,3.33,3.33,uM,3.33 uM,24 h,24,h,HELA,BRD-K37764012,3,0.5881,398,0.489213,0.0914913,"0.33,0.34,0.33",0,0.13587,0.572596,0.749284,9.6,40.0517,1,1,BRD-K37764012,LJP009_HELA_24H:D02,trt_cp,HELA,D02,LJP009_HELA_24H_X1_B33|LJP009_HELA_24H_X2_B33|LJP009_HELA_24H_X3_B33,LJP009_HELA_24H_X1_B33:D02|LJP009_HELA_24H_X2_B33:D02|LJP009_HELA_24H_X3_B33:D02,,LJP,PF-03758309,1,1,0,1,242,PF-03758309_3.33 uM_24 h_HELA,1,PF-03758309_3.33 uM_24 h
b33,0.04,0.04,uM,0.04 uM,24 h,24,h,HELA,BRD-K16485616,3,0.5639,213,0.350446,0,"0.28,0.38,0.35",0,0.269179,0.42529,0.669659,5.41,20.8441,1,1,BRD-K16485616,LJP008_HELA_24H:I12,trt_cp,HELA,I12,LJP008_HELA_24H_X1_B33|LJP008_HELA_24H_X2_B33|LJP008_HELA_24H_X3_B33,LJP008_HELA_24H_X1_B33:I12|LJP008_HELA_24H_X2_B33:I12|LJP008_HELA_24H_X3_B33:I12,,LJP,mocetinostat,1,1,0,1,242,mocetinostat_0.04 uM_24 h_HELA,1,mocetinostat_0.04 uM_24 h
b33,10,10,uM,10 uM,24 h,24,h,HELA,BRD-K17588104,3,0.5692,193,0.335152,0.0224215,"0.32,0.35,0.34",0.134771,0.405405,0.514072,0.699127,5.41,20.8441,1,1,BRD-K17588104,LJP008_HELA_24H:C13,trt_cp,HELA,C13,LJP008_HELA_24H_X1_B33|LJP008_HELA_24H_X2_B33|LJP008_HELA_24H_X3_B33,LJP008_HELA_24H_X1_B33:C13|LJP008_HELA_24H_X2_B33:C13|LJP008_HELA_24H_X3_B33:C13,,LJP,JQ-1-R,1,1,0,1,242,JQ-1-R_10 uM_24 h_HELA,1,JQ-1-R_10 uM_24 h
b33,10,10,uM,10 uM,24 h,24,h,HELA,BRD-K76964878,3,0.7602,465,0.601203,0,"0.32,0.34,0.34",0,0,0.684191,0.87864,5.41,20.8441,1,1,BRD-K76964878,LJP008_HELA_24H:D19,trt_cp,HELA,D19,LJP008_HELA_24H_X1_B33|LJP008_HELA_24H_X2_B33|LJP008_HELA_24H_X3_B33,LJP008_HELA_24H_X1_B33:D19|LJP008_HELA_24H_X2_B33:D19|LJP008_HELA_24H_X3_B33:D19,,LJP,EX-527,1,1,0,1,242,EX-527_10 uM_24 h_HELA,2,EX-527_10 uM_24 h
b33,0.04,0.04,uM,0.04 uM,24 h,24,h,HELA,BRD-K26838195,3,0.3773,241,0.304918,4.24658,"0.37,0.32,0.31",5.92819,9.29093,0.36445,0.436209,5.76,22.1648,0,1,BRD-K26838195,LJP007_HELA_24H:H18,trt_cp,HELA,H18,LJP007_HELA_24H_X1_B33|LJP007_HELA_24H_X2_B33|LJP007_HELA_24H_X3_B33,LJP007_HELA_24H_X1_B33:H18|LJP007_HELA_24H_X2_B33:H18|LJP007_HELA_24H_X3_B33:H18,,LJP,AST-1306,1,1,0,1,242,AST-1306_0.04 uM_24 h_HELA,1,AST-1306_0.04 uM_24 h
b33,3.33,3.33,uM,3.33 uM,24 h,24,h,HELA,BRD-K02708799,3,0.6936,452,0.56618,0,"0.33,0.33,0.34",0,0.275482,0.674433,0.804763,5.76,22.1648,1,1,BRD-K02708799,LJP007_HELA_24H:K08,trt_cp,HELA,K08,LJP007_HELA_24H_X1_B33|LJP007_HELA_24H_X2_B33|LJP007_HELA_24H_X3_B33,LJP007_HELA_24H_X1_B33:K08|LJP007_HELA_24H_X2_B33:K08|LJP007_HELA_24H_X3_B33:K08,,LJP,GSK-1059615,1,1,0,1,242,GSK-1059615_3.33 uM_24 h_HELA,1,GSK-1059615_3.33 uM_24 h
b33,10,10,uM,10 uM,24 h,24,h,HELA,BRD-K70642949,3,0.4292,224,0.313534,0.228728,"0.27,0.34,0.39",0.818568,0.13587,0.318409,0.690741,9.6,40.0517,1,1,BRD-K70642949,LJP009_HELA_24H:L01,trt_cp,HELA,L01,LJP009_HELA_24H_X1_B33|LJP009_HELA_24H_X2_B33|LJP009_HELA_24H_X3_B33,LJP009_HELA_24H_X1_B33:L01|LJP009_HELA_24H_X2_B33:L01|LJP009_HELA_24H_X3_B33:L01,,LJP,GSK-2334470,1,1,0,1,242,GSK-2334470_10 uM_24 h_HELA,1,GSK-2334470_10 uM_24 h
b33,10,10,uM,10 uM,24 h,24,h,HELA,BRD-A92800748,3,0.485,270,0.365918,0,"0.28,0.37,0.35",4.65753,0.272856,0.344818,0.634778,9.6,40.0517,1,1,BRD-A92800748,LJP009_HELA_24H:P07,trt_cp,HELA,P07,LJP009_HELA_24H_X1_B33|LJP009_HELA_24H_X2_B33|LJP009_HELA_24H_X3_B33,LJP009_HELA_24H_X1_B33:P07|LJP009_HELA_24H_X2_B33:P07|LJP009_HELA_24H_X3_B33:P07,,LJP,BRD-A92800748,1,1,0,1,242,BRD-A92800748_10 uM_24 h_HELA,1,BRD-A92800748_10 uM_24 h
b33,10,10,uM,10 uM,24 h,24,h,HELA,BRD-K51575138,3,0.4509,375,0.415802,0.0228311,"0.31,0.34,0.35",4.82094,0.273991,0.394863,0.608214,5.76,22.1648,1,1,BRD-K51575138,LJP007_HELA_24H:A19,trt_cp,HELA,A19,LJP007_HELA_24H_X1_B33|LJP007_HELA_24H_X2_B33|LJP007_HELA_24H_X3_B33,LJP007_HELA_24H_X1_B33:A19|LJP007_HELA_24H_X2_B33:A19|LJP007_HELA_24H_X3_B33:A19,,LJP,TPCA-1,1,1,0,1,242,TPCA-1_10 uM_24 h_HELA,1,TPCA-1_10 uM_24 h
b22,1.11,1.11111,uM,1.11 uM,24 h,24,h,HELA,BRD-K52020312,3,0.7233,489,0.601373,1.06477,"0.33,0.34,0.33",0.668468,2.26641,0.703837,0.853048,10.01,42.0902,1,1,BRD-K52020312,REP.A007_HELA_24H:G21,trt_cp,HELA,G21,REP.A007_HELA_24H_X1_B22|REP.A007_HELA_24H_X2_B22|REP.A007_HELA_24H_X3_B22,REP.A007_HELA_24H_X1_B22:G21|REP.A007_HELA_24H_X2_B22:G21|REP.A007_HELA_24H_X3_B22:G21,,REP,metronidazole,1,1,0,1,242,metronidazole_1.11 uM_24 h_HELA,1,metronidazole_1.11 uM_24 h
b23,10,10,uM,10 uM,24 h,24,h,HELA,BRD-A51820102,3,0.6891,449,0.562464,0,"0.33,0.35,0.33",0,0,0.683122,0.845383,16.76,70.9733,1,1,BRD-A51820102,REP.A016_HELA_24H:D13,trt_cp,HELA,D13,REP.A016_HELA_24H_X1_B23|REP.A016_HELA_24H_X2_B23|REP.A016_HELA_24H_X3_B23,REP.A016_HELA_24H_X1_B23:D13|REP.A016_HELA_24H_X2_B23:D13|REP.A016_HELA_24H_X3_B23:D13,,REP,econazole,1,1,0,1,242,econazole_10 uM_24 h_HELA,1,econazole_10 uM_24 h
b23,10,10,uM,10 uM,24 h,24,h,HELA,BRD-K74057757,3,0.73,470,0.592299,0.181159,"0.33,0.33,0.34",0.13369,0.13369,0.706679,0.85614,8,31.6107,1,1,BRD-K74057757,REP.A025_HELA_24H:G19,trt_cp,HELA,G19,REP.A025_HELA_24H_X1_B23|REP.A025_HELA_24H_X2_B23|REP.A025_HELA_24H_X3_B23,REP.A025_HELA_24H_X1_B23:G19|REP.A025_HELA_24H_X2_B23:G19|REP.A025_HELA_24H_X3_B23:G19,,REP,indibulin,1,1,0,1,242,indibulin_10 uM_24 h_HELA,1,indibulin_10 uM_24 h
b23,10,10,uM,10 uM,24 h,24,h,HELA,BRD-K62996583,3,0.5835,331,0.444391,0,"0.31,0.34,0.35",0,0,0.504519,0.820601,20.02,79.644,1,1,BRD-K62996583,REP.A017_HELA_24H:H01,trt_cp,HELA,H01,REP.A017_HELA_24H_X1_B23|REP.A017_HELA_24H_X2_B23|REP.A017_HELA_24H_X3_B23,REP.A017_HELA_24H_X1_B23:H01|REP.A017_HELA_24H_X2_B23:H01|REP.A017_HELA_24H_X3_B23:H01,,REP,lidoflazine,1,1,0,1,242,lidoflazine_10 uM_24 h_HELA,1,lidoflazine_10 uM_24 h
b23,1.11,1.11111,uM,1.11 uM,24 h,24,h,HELA,BRD-A74980173,3,0.3632,412,0.391158,14.3406,"0.49,0.02,0.49",54.4341,6.83626,-0.0315679,0.467377,9.58,39.8794,0,1,BRD-A74980173,REP.A022_HELA_24H:B09,trt_cp,HELA,B09,REP.A022_HELA_24H_X1_B23|REP.A022_HELA_24H_X2_B23|REP.A022_HELA_24H_X3_B23,REP.A022_HELA_24H_X1_B23:B09|REP.A022_HELA_24H_X2_B23:B09|REP.A022_HELA_24H_X3_B23:B09,,REP,gatifloxacin,1,1,0,1,242,gatifloxacin_1.11 uM_24 h_HELA,1,gatifloxacin_1.11 uM_24 h
b23,1.11,1.11111,uM,1.11 uM,24 h,24,h,HELA,BRD-K59037100,3,0.5395,398,0.468563,0.203804,"0.34,0.42,0.24",2.51808,0.140845,0.365512,0.802853,11.96,51.9093,1,1,BRD-K59037100,REP.A015_HELA_24H:J21,trt_cp,HELA,J21,REP.A015_HELA_24H_X1_B23|REP.A015_HELA_24H_X2_B23|REP.A015_HELA_24H_X3_B23,REP.A015_HELA_24H_X1_B23:J21|REP.A015_HELA_24H_X2_B23:J21|REP.A015_HELA_24H_X3_B23:J21,,REP,oxybenzone,1,1,0,1,242,oxybenzone_1.11 uM_24 h_HELA,1,oxybenzone_1.11 uM_24 h
b23,3.33,3.33333,uM,3.33 uM,24 h,24,h,HELA,BRD-K72414522,3,0.7571,553,0.654289,0,"0.35,0.34,0.31",0,0,0.679733,0.764475,9.58,39.8794,1,1,BRD-K72414522,REP.A022_HELA_24H:M14,trt_cp,HELA,M14,REP.A022_HELA_24H_X1_B23|REP.A022_HELA_24H_X2_B23|REP.A022_HELA_24H_X3_B23,REP.A022_HELA_24H_X1_B23:M14|REP.A022_HELA_24H_X2_B23:M14|REP.A022_HELA_24H_X3_B23:M14,,REP,AZD-5438,1,1,0,1,242,AZD-5438_3.33 uM_24 h_HELA,1,AZD-5438_3.33 uM_24 h
b23,10,10,uM,10 uM,24 h,24,h,HELA,BRD-K75958547,3,0.6328,387,0.500402,0.112918,"0.28,0.37,0.35",0.533333,0,0.480616,0.832553,9.58,39.8794,1,1,BRD-K75958547,REP.A022_HELA_24H:A13,trt_cp,HELA,A13,REP.A022_HELA_24H_X1_B23|REP.A022_HELA_24H_X2_B23|REP.A022_HELA_24H_X3_B23,REP.A022_HELA_24H_X1_B23:A13|REP.A022_HELA_24H_X2_B23:A13|REP.A022_HELA_24H_X3_B23:A13,,REP,pitavastatin,1,1,0,1,242,pitavastatin_10 uM_24 h_HELA,1,pitavastatin_10 uM_24 h
b22,10,10,uM,10 uM,24 h,24,h,HELA,BRD-K28542495,3,0.481,386,0.435709,1.31462,"0.41,0.33,0.26",4.39823,3.6207,0.357436,0.567518,8.08,31.9839,1,1,BRD-K28542495,REP.A001_HELA_24H:J01,trt_cp,HELA,J01,REP.A001_HELA_24H_X1_B22|REP.A001_HELA_24H_X2_B22|REP.A001_HELA_24H_X3_B22,REP.A001_HELA_24H_X1_B22:J01|REP.A001_HELA_24H_X2_B22:J01|REP.A001_HELA_24H_X3_B22:J01,,REP,benzydamine,1,1,0,1,242,benzydamine_10 uM_24 h_HELA,1,benzydamine_10 uM_24 h
b22,10,10,uM,10 uM,24 h,24,h,HELA,BRD-K35245662,3,0.5064,419,0.465784,0.202156,"0.31,0.28,0.41",0.132979,0,0.461639,0.789308,8.45,34.0511,1,1,BRD-K35245662,REP.A003_HELA_24H:M01,trt_cp,HELA,M01,REP.A003_HELA_24H_X1_B22|REP.A003_HELA_24H_X2_B22|REP.A003_HELA_24H_X3_B22,REP.A003_HELA_24H_X1_B22:M01|REP.A003_HELA_24H_X2_B22:M01|REP.A003_HELA_24H_X3_B22:M01,,REP,ciclesonide,1,1,0,1,242,ciclesonide_10 uM_24 h_HELA,1,ciclesonide_10 uM_24 h
b23,0.37,0.37037,uM,0.37 uM,24 h,24,h,HELA,BRD-K75649340,3,0.5174,279,0.38419,0,"0.36,0.31,0.34",0,0.958983,0.453062,0.504671,8,31.6107,1,1,BRD-K75649340,REP.A025_HELA_24H:J22,trt_cp,HELA,J22,REP.A025_HELA_24H_X1_B23|REP.A025_HELA_24H_X2_B23|REP.A025_HELA_24H_X3_B23,REP.A025_HELA_24H_X1_B23:J22|REP.A025_HELA_24H_X2_B23:J22|REP.A025_HELA_24H_X3_B23:J22,,REP,tioguanine,1,1,0,1,242,tioguanine_0.37 uM_24 h_HELA,1,tioguanine_0.37 uM_24 h
b22,0.125,0.123457,uM,0.125 uM,24 h,24,h,HELA,BRD-K08976401,3,0.268,603,0.406496,0.382194,"0.40,0.25,0.34",3.38136,0.805091,0.187208,0.523413,10.05,42.3198,1,1,BRD-K08976401,REP.A005_HELA_24H:F17,trt_cp,HELA,F17,REP.A005_HELA_24H_X1_B22|REP.A005_HELA_24H_X2_B22|REP.A005_HELA_24H_X3_B22,REP.A005_HELA_24H_X1_B22:F17|REP.A005_HELA_24H_X2_B22:F17|REP.A005_HELA_24H_X3_B22:F17,,REP,azelaic-acid,1,1,0,1,242,azelaic-acid_0.125 uM_24 h_HELA,1,azelaic-acid_0.125 uM_24 h
b23,10,10,uM,10 uM,24 h,24,h,HELA,BRD-K37687095,3,0.5352,321,0.419123,0.0675068,"0.36,0.31,0.33",0.135501,0.407615,0.497495,0.673587,10.84,46.0523,1,1,BRD-K37687095,REP.A014_HELA_24H:M01,trt_cp,HELA,M01,REP.A014_HELA_24H_X1_B23|REP.A014_HELA_24H_X2_B23|REP.A014_HELA_24H_X3_B23,REP.A014_HELA_24H_X1_B23:M01|REP.A014_HELA_24H_X2_B23:M01|REP.A014_HELA_24H_X3_B23:M01,,REP,AZD-8330,1,1,0,1,242,AZD-8330_10 uM_24 h_HELA,1,AZD-8330_10 uM_24 h
b23,10,10,uM,10 uM,24 h,24,h,HELA,BRD-K46386702,3,0.4013,265,0.329752,0.0441696,"0.34,0.32,0.34",0,0.265252,0.371537,0.696304,20.02,79.644,1,1,BRD-K46386702,REP.A017_HELA_24H:D07,trt_cp,HELA,D07,REP.A017_HELA_24H_X1_B23|REP.A017_HELA_24H_X2_B23|REP.A017_HELA_24H_X3_B23,REP.A017_HELA_24H_X1_B23:D07|REP.A017_HELA_24H_X2_B23:D07|REP.A017_HELA_24H_X3_B23:D07,,REP,ARRY-334543,1,1,0,1,242,ARRY-334543_10 uM_24 h_HELA,1,ARRY-334543_10 uM_24 h
b23,3.33,3.33333,uM,3.33 uM,24 h,24,h,HELA,BRD-K53061490,3,0.5012,342,0.418648,0.341841,"0.29,0.37,0.35",2.43243,3.16733,0.383968,0.615596,16.76,70.9733,1,1,BRD-K53061490,REP.A016_HELA_24H:G02,trt_cp,HELA,G02,REP.A016_HELA_24H_X1_B23|REP.A016_HELA_24H_X2_B23|REP.A016_HELA_24H_X3_B23,REP.A016_HELA_24H_X1_B23:G02|REP.A016_HELA_24H_X2_B23:G02|REP.A016_HELA_24H_X3_B23:G02,,REP,ozagrel,1,1,0,1,242,ozagrel_3.33 uM_24 h_HELA,1,ozagrel_3.33 uM_24 h
b24,10,10,uM,10 uM,24 h,24,h,HELA,BRD-K44844162,3,0.5313,357,0.440387,0.0222222,"0.34,0.34,0.33",0,0.133333,0.50739,0.627515,21.27,82.1993,1,1,BRD-K44844162,REP.A019_HELA_24H:A07,trt_cp,HELA,A07,REP.A019_HELA_24H_X1_B24|REP.A019_HELA_24H_X2_B23|REP.A019_HELA_24H_X3_B23,REP.A019_HELA_24H_X1_B24:A07|REP.A019_HELA_24H_X2_B23:A07|REP.A019_HELA_24H_X3_B23:A07,,REP,taselisib,1,1,0,1,242,taselisib_10 uM_24 h_HELA,1,taselisib_10 uM_24 h
b23,10,10,uM,10 uM,24 h,24,h,HELA,BRD-K56800335,3,0.3911,264,0.32492,0.249094,"0.32,0.35,0.33",3.71353,6.85573,0.373833,0.500529,11.96,51.9093,1,1,BRD-K56800335,REP.A015_HELA_24H:E01,trt_cp,HELA,E01,REP.A015_HELA_24H_X1_B23|REP.A015_HELA_24H_X2_B23|REP.A015_HELA_24H_X3_B23,REP.A015_HELA_24H_X1_B23:E01|REP.A015_HELA_24H_X2_B23:E01|REP.A015_HELA_24H_X3_B23:E01,,REP,guanaben-acetate,1,1,0,1,242,guanaben-acetate_10 uM_24 h_HELA,1,guanaben-acetate_10 uM_24 h
b22,2.22,2.30769,uM,2.22 uM,3 h,3,h,HELA,BRD-A16296925,3,0.5612,425,0.493837,1.45089,"0.32,0.33,0.34",1.466,4.04695,0.53854,0.619585,9.9,41.3724,1,1,BRD-A16296925,REP.B002_HELA_3H:E01,trt_cp,HELA,E01,REP.B002_HELA_3H_X1_B22|REP.B002_HELA_3H_X2_B22|REP.B002_HELA_3H_X3_B22,REP.B002_HELA_3H_X1_B22:E01|REP.B002_HELA_3H_X2_B22:E01|REP.B002_HELA_3H_X3_B22:E01,,REP,indobufen,1,1,0,1,242,indobufen_2.22 uM_3 h_HELA,1,indobufen_2.22 uM_3 h
b23,10,10,uM,10 uM,24 h,24,h,HELA,BRD-K41708980,3,0.5993,331,0.450367,0.20252,"0.34,0.33,0.33",0.136612,0.13369,0.590938,0.803965,10.84,46.0523,1,1,BRD-K41708980,REP.A014_HELA_24H:O19,trt_cp,HELA,O19,REP.A014_HELA_24H_X1_B23|REP.A014_HELA_24H_X2_B23|REP.A014_HELA_24H_X3_B23,REP.A014_HELA_24H_X1_B23:O19|REP.A014_HELA_24H_X2_B23:O19|REP.A014_HELA_24H_X3_B23:O19,,REP,BRD-K41708980,1,1,0,1,242,BRD-K41708980_10 uM_24 h_HELA,1,BRD-K41708980_10 uM_24 h
b23,10,10,uM,10 uM,24 h,24,h,HELA,BRD-K56334280,3,0.5999,358,0.46861,0,"0.30,0.35,0.35",0,0,0.489286,0.783436,11.96,51.9093,1,1,BRD-K56334280,REP.A015_HELA_24H:C13,trt_cp,HELA,C13,REP.A015_HELA_24H_X1_B23|REP.A015_HELA_24H_X2_B23|REP.A015_HELA_24H_X3_B23,REP.A015_HELA_24H_X1_B23:C13|REP.A015_HELA_24H_X2_B23:C13|REP.A015_HELA_24H_X3_B23:C13,,REP,amonafide,1,1,0,1,242,amonafide_10 uM_24 h_HELA,1,amonafide_10 uM_24 h
b23,10,10,uM,10 uM,24 h,24,h,HELA,BRD-K92241597,3,0.5753,299,0.419385,0,"0.35,0.33,0.32",0.268817,0,0.548224,0.847849,8,31.6107,1,1,BRD-K92241597,REP.A025_HELA_24H:D13,trt_cp,HELA,D13,REP.A025_HELA_24H_X1_B23|REP.A025_HELA_24H_X2_B23|REP.A025_HELA_24H_X3_B23,REP.A025_HELA_24H_X1_B23:D13|REP.A025_HELA_24H_X2_B23:D13|REP.A025_HELA_24H_X3_B23:D13,,REP,tosedostat,1,1,0,1,242,tosedostat_10 uM_24 h_HELA,1,tosedostat_10 uM_24 h
b22,1.11,1.11111,uM,1.11 uM,24 h,24,h,HELA,BRD-K24576554,3,0.4793,277,0.368446,0.0224618,"0.31,0.33,0.36",0,0.135135,0.439553,0.724476,18.68,76.3135,1,1,BRD-K24576554,REP.A006_HELA_24H:P21,trt_cp,HELA,P21,REP.A006_HELA_24H_X1_B22|REP.A006_HELA_24H_X2_B24|REP.A006_HELA_24H_X3_B22,REP.A006_HELA_24H_X1_B22:P21|REP.A006_HELA_24H_X2_B24:P21|REP.A006_HELA_24H_X3_B22:P21,,REP,AT-9283,1,1,0,1,242,AT-9283_1.11 uM_24 h_HELA,1,AT-9283_1.11 uM_24 h
b23,10,10,uM,10 uM,24 h,24,h,HELA,BRD-A65013509,3,0.4322,235,0.32226,0,"0.35,0.31,0.33",0,0.132626,0.39628,0.636724,20.02,79.644,1,1,BRD-A65013509,REP.A017_HELA_24H:I19,trt_cp,HELA,I19,REP.A017_HELA_24H_X1_B23|REP.A017_HELA_24H_X2_B23|REP.A017_HELA_24H_X3_B23,REP.A017_HELA_24H_X1_B23:I19|REP.A017_HELA_24H_X2_B23:I19|REP.A017_HELA_24H_X3_B23:I19,,REP,oxybutynin,1,1,0,1,242,oxybutynin_10 uM_24 h_HELA,1,oxybutynin_10 uM_24 h
b22,3.33,3.33333,uM,3.33 uM,24 h,24,h,HELA,BRD-K08832567,3,0.6554,583,0.625055,0.247302,"0.32,0.34,0.34",0.396825,0.396825,0.608909,0.693613,10.05,42.3198,1,1,BRD-K08832567,REP.A005_HELA_24H:F02,trt_cp,HELA,F02,REP.A005_HELA_24H_X1_B22|REP.A005_HELA_24H_X2_B22|REP.A005_HELA_24H_X3_B22,REP.A005_HELA_24H_X1_B22:F02|REP.A005_HELA_24H_X2_B22:F02|REP.A005_HELA_24H_X3_B22:F02,,REP,naringenin,1,1,0,1,242,naringenin_3.33 uM_24 h_HELA,1,naringenin_3.33 uM_24 h
b23,0.04,0.0411523,uM,0.04 uM,24 h,24,h,HELA,BRD-K75089421,3,0.1892,489,0.307571,3.125,"0.29,0.38,0.33",12.7044,7.92194,0.161292,0.415756,7.03,26.8734,0,1,BRD-K75089421,REP.A024_HELA_24H:F18,trt_cp,HELA,F18,REP.A024_HELA_24H_X1_B23|REP.A024_HELA_24H_X2_B23|REP.A024_HELA_24H_X3_B23,REP.A024_HELA_24H_X1_B23:F18|REP.A024_HELA_24H_X2_B23:F18|REP.A024_HELA_24H_X3_B23:F18,,REP,procainamide,1,1,0,1,242,procainamide_0.04 uM_24 h_HELA,1,procainamide_0.04 uM_24 h
b22,2.22,2.30769,uM,2.22 uM,3 h,3,h,HELA,BRD-K33732501,3,0.4158,288,0.34992,0.527704,"0.38,0.31,0.31",3.96756,4.49282,0.409189,0.577178,8.3,33.1611,1,1,BRD-K33732501,REP.B003_HELA_3H:J01,trt_cp,HELA,J01,REP.B003_HELA_3H_X1_B22|REP.B003_HELA_3H_X2_B22|REP.B003_HELA_3H_X3_B22,REP.B003_HELA_3H_X1_B22:J01|REP.B003_HELA_3H_X2_B22:J01|REP.B003_HELA_3H_X3_B22:J01,,REP,methylnaltrexone,1,1,0,1,242,methylnaltrexone_2.22 uM_3 h_HELA,1,methylnaltrexone_2.22 uM_3 h
b22,0.74,0.769231,uM,0.74 uM,3 h,3,h,HELA,BRD-K09078998,3,0.4673,233,0.333662,0,"0.29,0.36,0.35",0,0,0.36526,0.653403,12.81,55.9575,1,1,BRD-K09078998,REP.B005_HELA_3H:E20,trt_cp,HELA,E20,REP.B005_HELA_3H_X1_B22|REP.B005_HELA_3H_X2_B22|REP.B005_HELA_3H_X3_B22,REP.B005_HELA_3H_X1_B22:E20|REP.B005_HELA_3H_X2_B22:E20|REP.B005_HELA_3H_X3_B22:E20,,REP,deforolimus,1,1,0,1,242,deforolimus_0.74 uM_3 h_HELA,1,deforolimus_0.74 uM_3 h
b22,1.11,1.11111,uM,1.11 uM,24 h,24,h,HELA,BRD-A27732521,3,0.4507,265,0.34946,1.9385,"0.40,0.36,0.24",9.46099,6.93085,0.284299,0.498701,8.08,31.9839,0,1,BRD-A27732521,REP.A001_HELA_24H:H03,trt_cp,HELA,H03,REP.A001_HELA_24H_X1_B22|REP.A001_HELA_24H_X2_B22|REP.A001_HELA_24H_X3_B22,REP.A001_HELA_24H_X1_B22:H03|REP.A001_HELA_24H_X2_B22:H03|REP.A001_HELA_24H_X3_B22:H03,,REP,tolperisone,1,1,0,1,242,tolperisone_1.11 uM_24 h_HELA,1,tolperisone_1.11 uM_24 h
b23,1.11,1.11111,uM,1.11 uM,24 h,24,h,HELA,BRD-K57041787,3,0.7069,479,0.588406,0.113225,"0.32,0.34,0.34",0.135135,0,0.667792,0.856593,11.96,51.9093,1,1,BRD-K57041787,REP.A015_HELA_24H:F15,trt_cp,HELA,F15,REP.A015_HELA_24H_X1_B23|REP.A015_HELA_24H_X2_B23|REP.A015_HELA_24H_X3_B23,REP.A015_HELA_24H_X1_B23:F15|REP.A015_HELA_24H_X2_B23:F15|REP.A015_HELA_24H_X3_B23:F15,,REP,dabigatran-etexilate,1,1,0,1,242,dabigatran-etexilate_1.11 uM_24 h_HELA,1,dabigatran-etexilate_1.11 uM_24 h
b23,0.04,0.0411523,uM,0.04 uM,24 h,24,h,HELA,BRD-K58486055,3,0.4169,213,0.301326,2.31773,"0.40,0.18,0.42",17.0387,3.5373,0.16064,0.533341,10.84,46.0523,1,1,BRD-K58486055,REP.A014_HELA_24H:E12,trt_cp,HELA,E12,REP.A014_HELA_24H_X1_B23|REP.A014_HELA_24H_X2_B23|REP.A014_HELA_24H_X3_B23,REP.A014_HELA_24H_X1_B23:E12|REP.A014_HELA_24H_X2_B23:E12|REP.A014_HELA_24H_X3_B23:E12,,REP,reparixin,1,1,0,1,242,reparixin_0.04 uM_24 h_HELA,1,reparixin_0.04 uM_24 h
b23,10,10,uM,10 uM,24 h,24,h,HELA,BRD-K70464547,3,0.4085,231,0.310622,0.0223414,"0.34,0.38,0.28",0.263852,0.408415,0.329406,0.696187,13.62,59.8622,1,1,BRD-K70464547,REP.A023_HELA_24H:I01,trt_cp,HELA,I01,REP.A023_HELA_24H_X1_B23|REP.A023_HELA_24H_X2_B23|REP.A023_HELA_24H_X3_B23,REP.A023_HELA_24H_X1_B23:I01|REP.A023_HELA_24H_X2_B23:I01|REP.A023_HELA_24H_X3_B23:I01,,REP,sertraline,1,1,0,1,242,sertraline_10 uM_24 h_HELA,1,sertraline_10 uM_24 h
b22,0.125,0.123457,uM,0.125 uM,24 h,24,h,HELA,BRD-A36331462,3,0.6673,365,0.499043,0,"0.34,0.32,0.35",0.134409,0,0.611194,0.850264,8.45,34.0511,1,1,BRD-A36331462,REP.A003_HELA_24H:O11,trt_cp,HELA,O11,REP.A003_HELA_24H_X1_B22|REP.A003_HELA_24H_X2_B22|REP.A003_HELA_24H_X3_B22,REP.A003_HELA_24H_X1_B22:O11|REP.A003_HELA_24H_X2_B22:O11|REP.A003_HELA_24H_X3_B22:O11,,REP,oprozomib,1,1,0,1,242,oprozomib_0.125 uM_24 h_HELA,1,oprozomib_0.125 uM_24 h
b22,2.22,2.30769,uM,2.22 uM,3 h,3,h,HELA,BRD-K09255212,3,0.419,316,0.367943,0.353669,"0.33,0.32,0.34",1.19048,1.72238,0.397457,0.574237,12.81,55.9575,1,1,BRD-K09255212,REP.B005_HELA_3H:H01,trt_cp,HELA,H01,REP.B005_HELA_3H_X1_B22|REP.B005_HELA_3H_X2_B22|REP.B005_HELA_3H_X3_B22,REP.B005_HELA_3H_X1_B22:H01|REP.B005_HELA_3H_X2_B22:H01|REP.B005_HELA_3H_X3_B22:H01,,REP,clioquinol,1,1,0,1,242,clioquinol_2.22 uM_3 h_HELA,1,clioquinol_2.22 uM_3 h
b23,10,10,uM,10 uM,24 h,24,h,HELA,BRD-A58955223,3,0.4134,224,0.307709,0.0225023,"0.29,0.33,0.38",0,0,0.356301,0.653289,10.84,46.0523,1,1,BRD-A58955223,REP.A014_HELA_24H:K01,trt_cp,HELA,K01,REP.A014_HELA_24H_X1_B23|REP.A014_HELA_24H_X2_B23|REP.A014_HELA_24H_X3_B23,REP.A014_HELA_24H_X1_B23:K01|REP.A014_HELA_24H_X2_B23:K01|REP.A014_HELA_24H_X3_B23:K01,,REP,sulforaphane,1,1,0,1,242,sulforaphane_10 uM_24 h_HELA,1,sulforaphane_10 uM_24 h
b24,3.33,3.33333,uM,3.33 uM,24 h,24,h,HELA,BRD-A15297126,3,0.6909,479,0.581709,0.201432,"0.33,0.35,0.33",0,2.13437,0.687018,0.648702,9.97,41.8892,1,1,BRD-A15297126,REP.A010_HELA_24H:P08,trt_cp,HELA,P08,REP.A010_HELA_24H_X1_B24|REP.A010_HELA_24H_X2_B24|REP.A010_HELA_24H_X3_B24,REP.A010_HELA_24H_X1_B24:P08|REP.A010_HELA_24H_X2_B24:P08|REP.A010_HELA_24H_X3_B24:P08,,REP,fluocinolone-acetonide,1,1,0,1,242,fluocinolone-acetonide_3.33 uM_24 h_HELA,1,fluocinolone-acetonide_3.33 uM_24 h
b22,2.22,2.30769,uM,2.22 uM,3 h,3,h,HELA,BRD-K17849083,3,0.5024,435,0.472716,1.74107,"0.34,0.32,0.34",3.196,2.66225,0.452272,0.618518,9.9,41.3724,1,1,BRD-K17849083,REP.B002_HELA_3H:M01,trt_cp,HELA,M01,REP.B002_HELA_3H_X1_B22|REP.B002_HELA_3H_X2_B22|REP.B002_HELA_3H_X3_B22,REP.B002_HELA_3H_X1_B22:M01|REP.B002_HELA_3H_X2_B22:M01|REP.B002_HELA_3H_X3_B22:M01,,REP,tranilast,1,1,0,1,242,tranilast_2.22 uM_3 h_HELA,1,tranilast_2.22 uM_3 h
b23,1.11,1.11111,uM,1.11 uM,24 h,24,h,HELA,BRD-K68747584,3,0.5445,371,0.454482,0.0225836,"0.32,0.34,0.35",0,0.273975,0.506933,0.642465,9.58,39.8794,1,1,BRD-K68747584,REP.A022_HELA_24H:E03,trt_cp,HELA,E03,REP.A022_HELA_24H_X1_B23|REP.A022_HELA_24H_X2_B23|REP.A022_HELA_24H_X3_B23,REP.A022_HELA_24H_X1_B23:E03|REP.A022_HELA_24H_X2_B23:E03|REP.A022_HELA_24H_X3_B23:E03,,REP,PF-03814735,1,1,0,1,242,PF-03814735_1.11 uM_24 h_HELA,1,PF-03814735_1.11 uM_24 h
b22,10,10,uM,10 uM,3 h,3,h,HELA,BRD-A28467416,3,0.6935,466,0.57484,0.044405,"0.34,0.35,0.31",0,0,0.608317,0.781819,6.43,24.7775,1,1,BRD-A28467416,REP.A001_HELA_3H:I01,trt_cp,HELA,I01,REP.A001_HELA_3H_X1_B22|REP.A001_HELA_3H_X2_B22|REP.A001_HELA_3H_X3_B22,REP.A001_HELA_3H_X1_B22:I01|REP.A001_HELA_3H_X2_B22:I01|REP.A001_HELA_3H_X3_B22:I01,,REP,PKI-179,1,1,0,1,242,PKI-179_10 uM_3 h_HELA,1,PKI-179_10 uM_3 h
b23,0.37,0.37037,uM,0.37 uM,24 h,24,h,HELA,BRD-K64052750,3,0.6823,467,0.57079,0.0899281,"0.34,0.36,0.30",0.810084,0.40614,0.565603,0.794478,23.79,85.6446,1,1,BRD-K64052750,REP.A018_HELA_24H:H16,trt_cp,HELA,H16,REP.A018_HELA_24H_X1_B23|REP.A018_HELA_24H_X2_B23|REP.A018_HELA_24H_X3_B24,REP.A018_HELA_24H_X1_B23:H16|REP.A018_HELA_24H_X2_B23:H16|REP.A018_HELA_24H_X3_B24:H16,,REP,gefitinib,1,1,0,1,242,gefitinib_0.37 uM_24 h_HELA,1,gefitinib_0.37 uM_24 h
b23,10,10,uM,10 uM,24 h,24,h,HELA,BRD-K50168500,3,0.5902,323,0.441501,0,"0.32,0.35,0.33",0,0,0.552493,0.73836,20.02,79.644,1,1,BRD-K50168500,REP.A017_HELA_24H:B07,trt_cp,HELA,B07,REP.A017_HELA_24H_X1_B23|REP.A017_HELA_24H_X2_B23|REP.A017_HELA_24H_X3_B23,REP.A017_HELA_24H_X1_B23:B07|REP.A017_HELA_24H_X2_B23:B07|REP.A017_HELA_24H_X3_B23:B07,,REP,canertinib,1,1,0,1,242,canertinib_10 uM_24 h_HELA,1,canertinib_10 uM_24 h
b22,0.74,0.769231,uM,0.74 uM,3 h,3,h,HELA,BRD-A17883755,3,0.3838,339,0.36474,5.78125,"0.35,0.33,0.33",6.79806,4.13087,0.38278,0.583478,9.9,41.3724,1,1,BRD-A17883755,REP.B002_HELA_3H:N02,trt_cp,HELA,N02,REP.B002_HELA_3H_X1_B22|REP.B002_HELA_3H_X2_B22|REP.B002_HELA_3H_X3_B22,REP.B002_HELA_3H_X1_B22:N02|REP.B002_HELA_3H_X2_B22:N02|REP.B002_HELA_3H_X3_B22:N02,,REP,lenalidomide,1,1,0,1,242,lenalidomide_0.74 uM_3 h_HELA,1,lenalidomide_0.74 uM_3 h
b25,10,10,uM,10 uM,24 h,24,h,HELA,BRD-K97428065,3,0.554,337,0.436918,0,"0.35,0.34,0.32",0,0,0.509156,0.815692,27.26,90.0947,1,1,BRD-K97428065,REP.A028_HELA_24H:O07,trt_cp,HELA,O07,REP.A028_HELA_24H_X1_B25|REP.A028_HELA_24H_X2_B25|REP.A028_HELA_24H_X3_B25,REP.A028_HELA_24H_X1_B25:O07|REP.A028_HELA_24H_X2_B25:O07|REP.A028_HELA_24H_X3_B25:O07,,REP,netupitant,1,1,0,1,242,netupitant_10 uM_24 h_HELA,1,netupitant_10 uM_24 h
b24,3.33,3.33333,uM,3.33 uM,24 h,24,h,HELA,BRD-A04352665,3,0.4681,235,0.335377,0.11241,"0.32,0.34,0.34",0.405405,0.268817,0.424369,0.670086,4.56,18.2314,1,1,BRD-A04352665,REP.A011_HELA_24H:C02,trt_cp,HELA,C02,REP.A011_HELA_24H_X1_B24|REP.A011_HELA_24H_X2_B24|REP.A011_HELA_24H_X3_B24,REP.A011_HELA_24H_X1_B24:C02|REP.A011_HELA_24H_X2_B24:C02|REP.A011_HELA_24H_X3_B24:C02,,REP,maraviroc,1,1,0,1,242,maraviroc_3.33 uM_24 h_HELA,1,maraviroc_3.33 uM_24 h
b22,0.04,0.0411523,uM,0.04 uM,24 h,24,h,HELA,BRD-K23204545,3,0.4264,409,0.42228,0.651393,"0.25,0.41,0.34",9.0322,8.37838,0.296398,0.466724,18.68,76.3135,0,1,BRD-K23204545,REP.A006_HELA_24H:M24,trt_cp,HELA,M24,REP.A006_HELA_24H_X1_B22|REP.A006_HELA_24H_X2_B24|REP.A006_HELA_24H_X3_B22,REP.A006_HELA_24H_X1_B22:M24|REP.A006_HELA_24H_X2_B24:M24|REP.A006_HELA_24H_X3_B22:M24,,REP,busulfan,1,1,0,1,242,busulfan_0.04 uM_24 h_HELA,1,busulfan_0.04 uM_24 h
b23,10,10,uM,10 uM,24 h,24,h,HELA,BRD-K66175015,3,0.6209,492,0.558887,0.022482,"0.34,0.31,0.35",0,0,0.553071,0.753413,23.79,85.6446,1,1,BRD-K66175015,REP.A018_HELA_24H:M01,trt_cp,HELA,M01,REP.A018_HELA_24H_X1_B23|REP.A018_HELA_24H_X2_B23|REP.A018_HELA_24H_X3_B24,REP.A018_HELA_24H_X1_B23:M01|REP.A018_HELA_24H_X2_B23:M01|REP.A018_HELA_24H_X3_B24:M01,,REP,afatinib,1,1,0,1,242,afatinib_10 uM_24 h_HELA,1,afatinib_10 uM_24 h
b22,10,10,uM,10 uM,24 h,24,h,HELA,BRD-K16898998,3,0.7255,446,0.575197,0,"0.34,0.36,0.30",0,0,0.603373,0.84391,4.8,18.8918,1,1,BRD-K16898998,REP.A002_HELA_24H:G19,trt_cp,HELA,G19,REP.A002_HELA_24H_X1_B22|REP.A002_HELA_24H_X2_B22|REP.A002_HELA_24H_X3_B22,REP.A002_HELA_24H_X1_B22:G19|REP.A002_HELA_24H_X2_B22:G19|REP.A002_HELA_24H_X3_B22:G19,,REP,bevirimat-dimeglumine,1,1,0,1,242,bevirimat-dimeglumine_10 uM_24 h_HELA,1,bevirimat-dimeglumine_10 uM_24 h
b23,3.33,3.33333,uM,3.33 uM,24 h,24,h,HELA,BRD-K81458380,3,0.568,311,0.424996,0.0447227,"0.34,0.31,0.35",0,0.134409,0.512277,0.756039,7.64,30.0029,1,1,BRD-K81458380,REP.A021_HELA_24H:C08,trt_cp,HELA,C08,REP.A021_HELA_24H_X1_B23|REP.A021_HELA_24H_X2_B23|REP.A021_HELA_24H_X3_B23,REP.A021_HELA_24H_X1_B23:C08|REP.A021_HELA_24H_X2_B23:C08|REP.A021_HELA_24H_X3_B23:C08,,REP,CX-4945,1,1,0,1,242,CX-4945_3.33 uM_24 h_HELA,1,CX-4945_3.33 uM_24 h
b22,10,10,uM,10 uM,3 h,3,h,HELA,BRD-K32744045,3,0.4207,312,0.366348,0.0223614,"0.36,0.29,0.35",5.14512,0,0.328884,0.730123,11.57,49.6985,1,1,BRD-K32744045,REP.A003_HELA_3H:E19,trt_cp,HELA,E19,REP.A003_HELA_3H_X1_B22|REP.A003_HELA_3H_X2_B22|REP.A003_HELA_3H_X3_B22,REP.A003_HELA_3H_X1_B22:E19|REP.A003_HELA_3H_X2_B22:E19|REP.A003_HELA_3H_X3_B22:E19,,REP,disulfiram,1,1,0,1,242,disulfiram_10 uM_3 h_HELA,1,disulfiram_10 uM_3 h
b22,2.22,2.30769,uM,2.22 uM,3 h,3,h,HELA,BRD-K25630527,3,0.3882,234,0.304766,0,"0.34,0.32,0.34",0,0,0.360454,0.626943,9.16,37.8697,1,1,BRD-K25630527,REP.B004_HELA_3H:M19,trt_cp,HELA,M19,REP.B004_HELA_3H_X1_B22|REP.B004_HELA_3H_X2_B22|REP.B004_HELA_3H_X3_B22,REP.B004_HELA_3H_X1_B22:M19|REP.B004_HELA_3H_X2_B22:M19|REP.B004_HELA_3H_X3_B22:M19,,REP,LY-2784544,1,1,0,1,242,LY-2784544_2.22 uM_3 h_HELA,1,LY-2784544_2.22 uM_3 h
b22,2.22,2.30769,uM,2.22 uM,24 h,24,h,HELA,BRD-K19284129,3,0.5795,508,0.548642,0.426391,"0.34,0.31,0.35",1.49773,0.274725,0.503589,0.662948,11.51,49.4114,1,1,BRD-K19284129,REP.B004_HELA_24H:B19,trt_cp,HELA,B19,REP.B004_HELA_24H_X1_B22|REP.B004_HELA_24H_X2_B22|REP.B004_HELA_24H_X3_B22,REP.B004_HELA_24H_X1_B22:B19|REP.B004_HELA_24H_X2_B22:B19|REP.B004_HELA_24H_X3_B22:B19,,REP,salvinorin-a,1,1,0,1,242,salvinorin-a_2.22 uM_24 h_HELA,1,salvinorin-a_2.22 uM_24 h
b23,0.37,0.37037,uM,0.37 uM,24 h,24,h,HELA,BRD-K74305673,3,0.5303,250,0.368181,0,"0.36,0.29,0.35",0,0,0.398119,0.6965,7.03,26.8734,1,1,BRD-K74305673,REP.A024_HELA_24H:C16,trt_cp,HELA,C16,REP.A024_HELA_24H_X1_B23|REP.A024_HELA_24H_X2_B23|REP.A024_HELA_24H_X3_B23,REP.A024_HELA_24H_X1_B23:C16|REP.A024_HELA_24H_X2_B23:C16|REP.A024_HELA_24H_X3_B23:C16,,REP,BRD-K74305673,1,1,0,1,242,BRD-K74305673_0.37 uM_24 h_HELA,1,BRD-K74305673_0.37 uM_24 h
b22,0.25,0.25641,uM,0.25 uM,3 h,3,h,HELA,BRD-K35520305,3,0.7032,420,0.549534,0.0879507,"0.32,0.34,0.34",0.131926,0.131926,0.646869,0.803706,8.3,33.1611,1,1,BRD-K35520305,REP.B003_HELA_3H:N03,trt_cp,HELA,N03,REP.B003_HELA_3H_X1_B22|REP.B003_HELA_3H_X2_B22|REP.B003_HELA_3H_X3_B22,REP.B003_HELA_3H_X1_B22:N03|REP.B003_HELA_3H_X2_B22:N03|REP.B003_HELA_3H_X3_B22:N03,,REP,dacarbazine,1,1,0,1,242,dacarbazine_0.25 uM_3 h_HELA,1,dacarbazine_0.25 uM_3 h
b23,10,10,uM,10 uM,24 h,24,h,HELA,BRD-K70401845,3,0.6503,524,0.590273,0.0451671,"0.25,0.38,0.37",4.78142,0.409836,0.386611,0.669833,9.58,39.8794,1,1,BRD-K70401845,REP.A022_HELA_24H:G01,trt_cp,HELA,G01,REP.A022_HELA_24H_X1_B23|REP.A022_HELA_24H_X2_B23|REP.A022_HELA_24H_X3_B23,REP.A022_HELA_24H_X1_B23:G01|REP.A022_HELA_24H_X2_B23:G01|REP.A022_HELA_24H_X3_B23:G01,,REP,erlotinib,1,1,0,1,242,erlotinib_10 uM_24 h_HELA,1,erlotinib_10 uM_24 h
b22,10,10,uM,10 uM,24 h,24,h,HELA,BRD-K07881437,3,0.5358,300,0.405408,0,"0.33,0.34,0.33",0,0,0.533785,0.791223,10.05,42.3198,1,1,BRD-K07881437,REP.A005_HELA_24H:A07,trt_cp,HELA,A07,REP.A005_HELA_24H_X1_B22|REP.A005_HELA_24H_X2_B22|REP.A005_HELA_24H_X3_B22,REP.A005_HELA_24H_X1_B22:A07|REP.A005_HELA_24H_X2_B22:A07|REP.A005_HELA_24H_X3_B22:A07,,REP,danusertib,1,1,0,1,242,danusertib_10 uM_24 h_HELA,1,danusertib_10 uM_24 h
b24,10,10,uM,10 uM,24 h,24,h,HELA,BRD-K33610132,3,0.5185,252,0.365515,0,"0.32,0.33,0.34",0,0,0.500315,0.708502,9.2,38.0132,1,1,BRD-K33610132,REP.A009_HELA_24H:N13,trt_cp,HELA,N13,REP.A009_HELA_24H_X1_B24|REP.A009_HELA_24H_X2_B24|REP.A009_HELA_24H_X3_B24,REP.A009_HELA_24H_X1_B24:N13|REP.A009_HELA_24H_X2_B24:N13|REP.A009_HELA_24H_X3_B24:N13,,REP,rociletinib,1,1,0,1,242,rociletinib_10 uM_24 h_HELA,1,rociletinib_10 uM_24 h
b22,2.22,2.30769,uM,2.22 uM,3 h,3,h,HELA,BRD-K15933101,3,0.5961,394,0.490048,0.691964,"0.33,0.37,0.30",1.60858,2.42295,0.514794,0.689192,9.9,41.3724,1,1,BRD-K15933101,REP.B002_HELA_3H:C01,trt_cp,HELA,C01,REP.B002_HELA_3H_X1_B22|REP.B002_HELA_3H_X2_B22|REP.B002_HELA_3H_X3_B22,REP.B002_HELA_3H_X1_B22:C01|REP.B002_HELA_3H_X2_B22:C01|REP.B002_HELA_3H_X3_B22:C01,,REP,ropinirole,1,1,0,1,242,ropinirole_2.22 uM_3 h_HELA,1,ropinirole_2.22 uM_3 h
b23,3.33,3.33333,uM,3.33 uM,24 h,24,h,HELA,BRD-K75699339,3,0.5425,247,0.370151,0.0223214,"0.36,0.31,0.33",0.413223,0.663841,0.510075,0.64862,7.03,26.8734,1,1,BRD-K75699339,REP.A024_HELA_24H:G02,trt_cp,HELA,G02,REP.A024_HELA_24H_X1_B23|REP.A024_HELA_24H_X2_B23|REP.A024_HELA_24H_X3_B23,REP.A024_HELA_24H_X1_B23:G02|REP.A024_HELA_24H_X2_B23:G02|REP.A024_HELA_24H_X3_B23:G02,,REP,rizatriptan,1,1,0,1,242,rizatriptan_3.33 uM_24 h_HELA,1,rizatriptan_3.33 uM_24 h
b23,10,10,uM,10 uM,24 h,24,h,HELA,BRD-K78431006,3,0.6078,306,0.436085,0,"0.33,0.31,0.36",0,0,0.552386,0.789987,7.03,26.8734,1,1,BRD-K78431006,REP.A024_HELA_24H:N01,trt_cp,HELA,N01,REP.A024_HELA_24H_X1_B23|REP.A024_HELA_24H_X2_B23|REP.A024_HELA_24H_X3_B23,REP.A024_HELA_24H_X1_B23:N01|REP.A024_HELA_24H_X2_B23:N01|REP.A024_HELA_24H_X3_B23:N01,,REP,crizotinib,1,1,0,1,242,crizotinib_10 uM_24 h_HELA,1,crizotinib_10 uM_24 h
b22,0.37,0.37037,uM,0.37 uM,24 h,24,h,HELA,BRD-A26095496,3,0.6796,379,0.513188,0.155971,"0.33,0.35,0.32",0.133333,0.531915,0.642666,0.814129,8.08,31.9839,1,1,BRD-A26095496,REP.A001_HELA_24H:D16,trt_cp,HELA,D16,REP.A001_HELA_24H_X1_B22|REP.A001_HELA_24H_X2_B22|REP.A001_HELA_24H_X3_B22,REP.A001_HELA_24H_X1_B22:D16|REP.A001_HELA_24H_X2_B22:D16|REP.A001_HELA_24H_X3_B22:D16,,REP,clobetasol,1,1,0,1,242,clobetasol_0.37 uM_24 h_HELA,1,clobetasol_0.37 uM_24 h
b22,1.11,1.11111,uM,1.11 uM,3 h,3,h,HELA,BRD-K08109215,3,0.3904,235,0.306281,0.201794,"0.33,0.34,0.33",0.265957,0,0.381189,0.711583,10.88,46.1958,1,1,BRD-K08109215,REP.A005_HELA_3H:A21,trt_cp,HELA,A21,REP.A005_HELA_3H_X1_B22|REP.A005_HELA_3H_X2_B22|REP.A005_HELA_3H_X3_B22,REP.A005_HELA_3H_X1_B22:A21|REP.A005_HELA_3H_X2_B22:A21|REP.A005_HELA_3H_X3_B22:A21,,REP,I-BET-762,1,1,0,1,242,I-BET-762_1.11 uM_3 h_HELA,1,I-BET-762_1.11 uM_3 h
b23,1.11,1.11111,uM,1.11 uM,24 h,24,h,HELA,BRD-K41170226,3,0.6271,506,0.569606,0.180018,"0.34,0.33,0.34",0.136612,0.136612,0.593869,0.779835,10.84,46.0523,1,1,BRD-K41170226,REP.A014_HELA_24H:P03,trt_cp,HELA,P03,REP.A014_HELA_24H_X1_B23|REP.A014_HELA_24H_X2_B23|REP.A014_HELA_24H_X3_B23,REP.A014_HELA_24H_X1_B23:P03|REP.A014_HELA_24H_X2_B23:P03|REP.A014_HELA_24H_X3_B23:P03,,REP,BRD-K41170226,1,1,0,1,242,BRD-K41170226_1.11 uM_24 h_HELA,1,BRD-K41170226_1.11 uM_24 h
b22,10,10,uM,10 uM,24 h,24,h,HELA,BRD-K52183142,3,0.7076,391,0.531879,0,"0.33,0.34,0.33",0,0,0.692789,0.882967,10.01,42.0902,1,1,BRD-K52183142,REP.A007_HELA_24H:J01,trt_cp,HELA,J01,REP.A007_HELA_24H_X1_B22|REP.A007_HELA_24H_X2_B22|REP.A007_HELA_24H_X3_B22,REP.A007_HELA_24H_X1_B22:J01|REP.A007_HELA_24H_X2_B22:J01|REP.A007_HELA_24H_X3_B22:J01,,REP,pregnenolone,1,1,0,1,242,pregnenolone_10 uM_24 h_HELA,1,pregnenolone_10 uM_24 h
b22,10,10,uM,10 uM,24 h,24,h,HELA,BRD-K20722021,3,0.4976,247,0.354502,0,"0.31,0.37,0.32",0.269542,0.808625,0.464775,0.634894,18.68,76.3135,1,1,BRD-K20722021,REP.A006_HELA_24H:G01,trt_cp,HELA,G01,REP.A006_HELA_24H_X1_B22|REP.A006_HELA_24H_X2_B24|REP.A006_HELA_24H_X3_B22,REP.A006_HELA_24H_X1_B22:G01|REP.A006_HELA_24H_X2_B24:G01|REP.A006_HELA_24H_X3_B22:G01,,REP,CEP-32496,1,1,0,1,242,CEP-32496_10 uM_24 h_HELA,1,CEP-32496_10 uM_24 h
b24,10,10,uM,10 uM,24 h,24,h,HELA,BRD-K31342827,3,0.6358,326,0.460362,0,"0.33,0.33,0.34",0,0,0.631461,0.832474,9.2,38.0132,1,1,BRD-K31342827,REP.A009_HELA_24H:B13,trt_cp,HELA,B13,REP.A009_HELA_24H_X1_B24|REP.A009_HELA_24H_X2_B24|REP.A009_HELA_24H_X3_B24,REP.A009_HELA_24H_X1_B24:B13|REP.A009_HELA_24H_X2_B24:B13|REP.A009_HELA_24H_X3_B24:B13,,REP,BRD-K31342827,1,1,0,1,242,BRD-K31342827_10 uM_24 h_HELA,1,BRD-K31342827_10 uM_24 h
b23,10,10,uM,10 uM,24 h,24,h,HELA,BRD-A56085258,3,0.413,218,0.303413,0,"0.32,0.32,0.37",0,0,0.41129,0.629251,10.84,46.0523,1,1,BRD-A56085258,REP.A014_HELA_24H:A19,trt_cp,HELA,A19,REP.A014_HELA_24H_X1_B23|REP.A014_HELA_24H_X2_B23|REP.A014_HELA_24H_X3_B23,REP.A014_HELA_24H_X1_B23:A19|REP.A014_HELA_24H_X2_B23:A19|REP.A014_HELA_24H_X3_B23:A19,,REP,LGX-818,1,1,0,1,242,LGX-818_10 uM_24 h_HELA,1,LGX-818_10 uM_24 h
b22,1.11,1.11111,uM,1.11 uM,24 h,24,h,HELA,BRD-K15507868,3,0.4443,218,0.3147,1.10717,"0.29,0.37,0.34",2.52701,5.459,0.366701,0.500073,4.8,18.8918,1,1,BRD-K15507868,REP.A002_HELA_24H:B09,trt_cp,HELA,B09,REP.A002_HELA_24H_X1_B22|REP.A002_HELA_24H_X2_B22|REP.A002_HELA_24H_X3_B22,REP.A002_HELA_24H_X1_B22:B09|REP.A002_HELA_24H_X2_B22:B09|REP.A002_HELA_24H_X3_B22:B09,,REP,tesaglitazar,1,1,0,1,242,tesaglitazar_1.11 uM_24 h_HELA,1,tesaglitazar_1.11 uM_24 h
b23,10,10,uM,10 uM,24 h,24,h,HELA,BRD-K56614220,3,0.8478,697,0.777309,0,"0.33,0.33,0.34",0,0,0.839074,0.857097,10.84,46.0523,1,1,BRD-K56614220,REP.A014_HELA_24H:D01,trt_cp,HELA,D01,REP.A014_HELA_24H_X1_B23|REP.A014_HELA_24H_X2_B23|REP.A014_HELA_24H_X3_B23,REP.A014_HELA_24H_X1_B23:D01|REP.A014_HELA_24H_X2_B23:D01|REP.A014_HELA_24H_X3_B23:D01,,REP,clofazimine,1,1,0,1,242,clofazimine_10 uM_24 h_HELA,1,clofazimine_10 uM_24 h
b22,2.22,2.30769,uM,2.22 uM,3 h,3,h,HELA,BRD-K17500877,3,0.5378,403,0.470753,2.09821,"0.33,0.35,0.31",3.47245,2.01072,0.488734,0.649907,9.9,41.3724,1,1,BRD-K17500877,REP.B002_HELA_3H:K01,trt_cp,HELA,K01,REP.B002_HELA_3H_X1_B22|REP.B002_HELA_3H_X2_B22|REP.B002_HELA_3H_X3_B22,REP.B002_HELA_3H_X1_B22:K01|REP.B002_HELA_3H_X2_B22:K01|REP.B002_HELA_3H_X3_B22:K01,,REP,bropirimine,1,1,0,1,242,bropirimine_2.22 uM_3 h_HELA,1,bropirimine_2.22 uM_3 h
b23,10,10,uM,10 uM,24 h,24,h,HELA,BRD-K53963539,3,0.4286,237,0.322278,0,"0.33,0.34,0.34",0,0,0.41049,0.77404,16.76,70.9733,1,1,BRD-K53963539,REP.A016_HELA_24H:I07,trt_cp,HELA,I07,REP.A016_HELA_24H_X1_B23|REP.A016_HELA_24H_X2_B23|REP.A016_HELA_24H_X3_B23,REP.A016_HELA_24H_X1_B23:I07|REP.A016_HELA_24H_X2_B23:I07|REP.A016_HELA_24H_X3_B23:I07,,REP,vortioxetine,1,1,0,1,242,vortioxetine_10 uM_24 h_HELA,1,vortioxetine_10 uM_24 h
b23,10,10,uM,10 uM,24 h,24,h,HELA,BRD-K69726342,3,0.6696,415,0.533043,0,"0.35,0.31,0.35",0,0,0.565439,0.78734,13.62,59.8622,1,1,BRD-K69726342,REP.A023_HELA_24H:H01,trt_cp,HELA,H01,REP.A023_HELA_24H_X1_B23|REP.A023_HELA_24H_X2_B23|REP.A023_HELA_24H_X3_B23,REP.A023_HELA_24H_X1_B23:H01|REP.A023_HELA_24H_X2_B23:H01|REP.A023_HELA_24H_X3_B23:H01,,REP,atorvastatin,1,1,0,1,242,atorvastatin_10 uM_24 h_HELA,1,atorvastatin_10 uM_24 h
b22,0.04,0.0411523,uM,0.04 uM,24 h,24,h,HELA,BRD-K41438959,3,0.7691,571,0.670101,0.576752,"0.33,0.34,0.33",0.134048,1.87313,0.76044,0.864808,10.01,42.0902,1,1,BRD-K41438959,REP.A007_HELA_24H:E24,trt_cp,HELA,E24,REP.A007_HELA_24H_X1_B22|REP.A007_HELA_24H_X2_B22|REP.A007_HELA_24H_X3_B22,REP.A007_HELA_24H_X1_B22:E24|REP.A007_HELA_24H_X2_B22:E24|REP.A007_HELA_24H_X3_B22:E24,,REP,perampanel,1,1,0,1,242,perampanel_0.04 uM_24 h_HELA,1,perampanel_0.04 uM_24 h
b23,10,10,uM,10 uM,24 h,24,h,HELA,BRD-K62387885,3,0.4153,308,0.361649,0.0220848,"0.32,0.35,0.33",0.132979,0.132979,0.403414,0.700998,20.02,79.644,1,1,BRD-K62387885,REP.A017_HELA_24H:E07,trt_cp,HELA,E07,REP.A017_HELA_24H_X1_B23|REP.A017_HELA_24H_X2_B23|REP.A017_HELA_24H_X3_B23,REP.A017_HELA_24H_X1_B23:E07|REP.A017_HELA_24H_X2_B23:E07|REP.A017_HELA_24H_X3_B23:E07,,REP,basimglurant,1,1,0,1,242,basimglurant_10 uM_24 h_HELA,1,basimglurant_10 uM_24 h
b22,10,10,uM,10 uM,24 h,24,h,HELA,BRD-A23067620,3,0.4515,229,0.325145,0,"0.32,0.30,0.38",0.405405,0,0.419605,0.62819,18.68,76.3135,1,1,BRD-A23067620,REP.A006_HELA_24H:N07,trt_cp,HELA,N07,REP.A006_HELA_24H_X1_B22|REP.A006_HELA_24H_X2_B24|REP.A006_HELA_24H_X3_B22,REP.A006_HELA_24H_X1_B22:N07|REP.A006_HELA_24H_X2_B24:N07|REP.A006_HELA_24H_X3_B22:N07,,REP,itraconazole,1,1,0,1,242,itraconazole_10 uM_24 h_HELA,1,itraconazole_10 uM_24 h
b22,10,10,uM,10 uM,24 h,24,h,HELA,BRD-K16803204,3,0.4713,189,0.301794,0,"0.33,0.32,0.36",0,0,0.457988,0.624841,4.8,18.8918,1,1,BRD-K16803204,REP.A002_HELA_24H:H13,trt_cp,HELA,H13,REP.A002_HELA_24H_X1_B22|REP.A002_HELA_24H_X2_B22|REP.A002_HELA_24H_X3_B22,REP.A002_HELA_24H_X1_B22:H13|REP.A002_HELA_24H_X2_B22:H13|REP.A002_HELA_24H_X3_B22:H13,,REP,filgotinib,1,1,0,1,242,filgotinib_10 uM_24 h_HELA,1,filgotinib_10 uM_24 h
b24,0.04,0.0411523,uM,0.04 uM,24 h,24,h,HELA,BRD-K01638814,3,0.4588,255,0.34587,4.61056,"0.34,0.34,0.32",6.24448,2.17134,0.421689,0.598188,9.97,41.8892,1,1,BRD-K01638814,REP.A010_HELA_24H:N24,trt_cp,HELA,N24,REP.A010_HELA_24H_X1_B24|REP.A010_HELA_24H_X2_B24|REP.A010_HELA_24H_X3_B24,REP.A010_HELA_24H_X1_B24:N24|REP.A010_HELA_24H_X2_B24:N24|REP.A010_HELA_24H_X3_B24:N24,,REP,rilmenidine,1,1,0,1,242,rilmenidine_0.04 uM_24 h_HELA,1,rilmenidine_0.04 uM_24 h
b22,0.74,0.769231,uM,0.74 uM,24 h,24,h,HELA,BRD-A26032986,3,0.4264,225,0.313206,0.735294,"0.33,0.29,0.38",1.48248,1.07817,0.368431,0.701317,10.66,45.2771,1,1,BRD-A26032986,REP.B001_HELA_24H:C14,trt_cp,HELA,C14,REP.B001_HELA_24H_X1_B22|REP.B001_HELA_24H_X2_B22|REP.B001_HELA_24H_X3_B22,REP.B001_HELA_24H_X1_B22:C14|REP.B001_HELA_24H_X2_B22:C14|REP.B001_HELA_24H_X3_B22:C14,,REP,zaldaride,1,1,0,1,242,zaldaride_0.74 uM_24 h_HELA,1,zaldaride_0.74 uM_24 h
b23,10,10,uM,10 uM,24 h,24,h,HELA,BRD-K78567475,3,0.7886,518,0.646285,0,"0.35,0.31,0.34",0,0,0.696875,0.866183,7.03,26.8734,1,1,BRD-K78567475,REP.A024_HELA_24H:M13,trt_cp,HELA,M13,REP.A024_HELA_24H_X1_B23|REP.A024_HELA_24H_X2_B23|REP.A024_HELA_24H_X3_B23,REP.A024_HELA_24H_X1_B23:M13|REP.A024_HELA_24H_X2_B23:M13|REP.A024_HELA_24H_X3_B23:M13,,REP,dolastatin-10,1,1,0,1,242,dolastatin-10_10 uM_24 h_HELA,1,dolastatin-10_10 uM_24 h
b22,2.22,2.30769,uM,2.22 uM,3 h,3,h,HELA,BRD-K23363278,3,0.4878,292,0.38163,0.221631,"0.35,0.31,0.35",0,0.267397,0.414871,0.727033,9.16,37.8697,1,1,BRD-K23363278,REP.B004_HELA_3H:I19,trt_cp,HELA,I19,REP.B004_HELA_3H_X1_B22|REP.B004_HELA_3H_X2_B22|REP.B004_HELA_3H_X3_B22,REP.B004_HELA_3H_X1_B22:I19|REP.B004_HELA_3H_X2_B22:I19|REP.B004_HELA_3H_X3_B22:I19,,REP,CYT-997,1,1,0,1,242,CYT-997_2.22 uM_3 h_HELA,1,CYT-997_2.22 uM_3 h
b22,10,10,uM,10 uM,24 h,24,h,HELA,BRD-K42805893,3,0.5369,293,0.401062,0,"0.34,0.27,0.40",0,0,0.400616,0.779636,10.01,42.0902,1,1,BRD-K42805893,REP.A007_HELA_24H:B13,trt_cp,HELA,B13,REP.A007_HELA_24H_X1_B22|REP.A007_HELA_24H_X2_B22|REP.A007_HELA_24H_X3_B22,REP.A007_HELA_24H_X1_B22:B13|REP.A007_HELA_24H_X2_B22:B13|REP.A007_HELA_24H_X3_B22:B13,,REP,AZD-9291,1,1,0,1,242,AZD-9291_10 uM_24 h_HELA,1,AZD-9291_10 uM_24 h
b24,10,10,uM,10 uM,24 h,24,h,HELA,BRD-K06902185,3,0.503,228,0.342438,0.044964,"0.27,0.33,0.41",0.134409,0,0.401518,0.648538,4.56,18.2314,1,1,BRD-K06902185,REP.A011_HELA_24H:L07,trt_cp,HELA,L07,REP.A011_HELA_24H_X1_B24|REP.A011_HELA_24H_X2_B24|REP.A011_HELA_24H_X3_B24,REP.A011_HELA_24H_X1_B24:L07|REP.A011_HELA_24H_X2_B24:L07|REP.A011_HELA_24H_X3_B24:L07,,REP,minoxidil,1,1,0,1,242,minoxidil_10 uM_24 h_HELA,1,minoxidil_10 uM_24 h
b22,10,10,uM,10 uM,24 h,24,h,HELA,BRD-K16757695,3,0.4054,245,0.31868,0.465013,"0.30,0.39,0.30",0.536193,0.132626,0.404471,0.633735,4.8,18.8918,1,1,BRD-K16757695,REP.A002_HELA_24H:H01,trt_cp,HELA,H01,REP.A002_HELA_24H_X1_B22|REP.A002_HELA_24H_X2_B22|REP.A002_HELA_24H_X3_B22,REP.A002_HELA_24H_X1_B22:H01|REP.A002_HELA_24H_X2_B22:H01|REP.A002_HELA_24H_X3_B22:H01,,REP,PRX-08066,1,1,0,1,242,PRX-08066_10 uM_24 h_HELA,1,PRX-08066_10 uM_24 h
b23,10,10,uM,10 uM,24 h,24,h,HELA,BRD-A45889380,3,0.4829,423,0.457014,0,"0.31,0.35,0.33",0,0.806452,0.444287,0.742191,51.59,98.4496,1,1,BRD-A45889380,REP.A020_HELA_24H:L01,trt_cp,HELA,L01,REP.A020_HELA_24H_X1_B23|REP.A020_HELA_24H_X2_B23|REP.A020_HELA_24H_X3_B23,REP.A020_HELA_24H_X1_B23:L01|REP.A020_HELA_24H_X2_B23:L01|REP.A020_HELA_24H_X3_B23:L01,,REP,mepacrine,1,1,0,1,242,mepacrine_10 uM_24 h_HELA,1,mepacrine_10 uM_24 h
b23,10,10,uM,10 uM,24 h,24,h,HELA,BRD-K54847683,3,0.5816,403,0.489548,0,"0.31,0.30,0.39",0,0.274725,0.545687,0.773813,16.76,70.9733,1,1,BRD-K54847683,REP.A016_HELA_24H:L01,trt_cp,HELA,L01,REP.A016_HELA_24H_X1_B23|REP.A016_HELA_24H_X2_B23|REP.A016_HELA_24H_X3_B23,REP.A016_HELA_24H_X1_B23:L01|REP.A016_HELA_24H_X2_B23:L01|REP.A016_HELA_24H_X3_B23:L01,,REP,equol,1,1,0,1,242,equol_10 uM_24 h_HELA,1,equol_10 uM_24 h
b23,10,10,uM,10 uM,24 h,24,h,HELA,BRD-K78096648,3,0.4848,284,0.375207,0.245536,"0.36,0.28,0.36",0.265957,0.265957,0.336798,0.706326,7.03,26.8734,1,1,BRD-K78096648,REP.A024_HELA_24H:K19,trt_cp,HELA,K19,REP.A024_HELA_24H_X1_B23|REP.A024_HELA_24H_X2_B23|REP.A024_HELA_24H_X3_B23,REP.A024_HELA_24H_X1_B23:K19|REP.A024_HELA_24H_X2_B23:K19|REP.A024_HELA_24H_X3_B23:K19,,REP,oxiperomide,1,1,0,1,242,oxiperomide_10 uM_24 h_HELA,1,oxiperomide_10 uM_24 h
b23,10,10,uM,10 uM,24 h,24,h,HELA,BRD-K82225283,3,0.4926,250,0.354852,0.805009,"0.34,0.31,0.35",1.35291,1.20253,0.429483,0.571626,7.64,30.0029,1,1,BRD-K82225283,REP.A021_HELA_24H:F01,trt_cp,HELA,F01,REP.A021_HELA_24H_X1_B23|REP.A021_HELA_24H_X2_B23|REP.A021_HELA_24H_X3_B23,REP.A021_HELA_24H_X1_B23:F01|REP.A021_HELA_24H_X2_B23:F01|REP.A021_HELA_24H_X3_B23:F01,,REP,BRD-K82225283,1,1,0,1,242,BRD-K82225283_10 uM_24 h_HELA,1,BRD-K82225283_10 uM_24 h
b23,10,10,uM,10 uM,24 h,24,h,HELA,BRD-A52660433,3,0.7554,652,0.709648,0,"0.35,0.32,0.33",0,0,0.720542,0.831425,16.76,70.9733,1,1,BRD-A52660433,REP.A016_HELA_24H:E13,trt_cp,HELA,E13,REP.A016_HELA_24H_X1_B23|REP.A016_HELA_24H_X2_B23|REP.A016_HELA_24H_X3_B23,REP.A016_HELA_24H_X1_B23:E13|REP.A016_HELA_24H_X2_B23:E13|REP.A016_HELA_24H_X3_B23:E13,,REP,tetrindole,1,1,0,1,242,tetrindole_10 uM_24 h_HELA,1,tetrindole_10 uM_24 h
b22,0.37,0.37037,uM,0.37 uM,24 h,24,h,HELA,BRD-K20008181,3,0.3291,339,0.337749,3.18958,"0.42,0.44,0.14",24.0541,5.67568,0.0896536,0.533578,18.68,76.3135,0,1,BRD-K20008181,REP.A006_HELA_24H:E22,trt_cp,HELA,E22,REP.A006_HELA_24H_X1_B22|REP.A006_HELA_24H_X2_B24|REP.A006_HELA_24H_X3_B22,REP.A006_HELA_24H_X1_B22:E22|REP.A006_HELA_24H_X2_B24:E22|REP.A006_HELA_24H_X3_B22:E22,,REP,LCQ-908,1,1,0,1,242,LCQ-908_0.37 uM_24 h_HELA,1,LCQ-908_0.37 uM_24 h
b23,10,10,uM,10 uM,24 h,24,h,HELA,BRD-K68103045,3,0.5285,417,0.474702,1.9196,"0.34,0.35,0.32",3.28619,1.49487,0.479769,0.627999,9.58,39.8794,1,1,BRD-K68103045,REP.A022_HELA_24H:C01,trt_cp,HELA,C01,REP.A022_HELA_24H_X1_B23|REP.A022_HELA_24H_X2_B23|REP.A022_HELA_24H_X3_B23,REP.A022_HELA_24H_X1_B23:C01|REP.A022_HELA_24H_X2_B23:C01|REP.A022_HELA_24H_X3_B23:C01,,REP,CGS-20625,1,1,0,1,242,CGS-20625_10 uM_24 h_HELA,1,CGS-20625_10 uM_24 h
b23,10,10,uM,10 uM,24 h,24,h,HELA,BRD-K69116396,3,0.478,231,0.336009,0.0223414,"0.34,0.37,0.29",0.131926,0.131926,0.387351,0.711105,13.62,59.8622,1,1,BRD-K69116396,REP.A023_HELA_24H:E19,trt_cp,HELA,E19,REP.A023_HELA_24H_X1_B23|REP.A023_HELA_24H_X2_B23|REP.A023_HELA_24H_X3_B23,REP.A023_HELA_24H_X1_B23:E19|REP.A023_HELA_24H_X2_B23:E19|REP.A023_HELA_24H_X3_B23:E19,,REP,sertindole,1,1,0,1,242,sertindole_10 uM_24 h_HELA,1,sertindole_10 uM_24 h
b23,10,10,uM,10 uM,24 h,24,h,HELA,BRD-K77947974,3,0.5266,301,0.402582,0.0446429,"0.34,0.31,0.35",0.413223,0,0.470804,0.664077,7.03,26.8734,1,1,BRD-K77947974,REP.A024_HELA_24H:L07,trt_cp,HELA,L07,REP.A024_HELA_24H_X1_B23|REP.A024_HELA_24H_X2_B23|REP.A024_HELA_24H_X3_B23,REP.A024_HELA_24H_X1_B23:L07|REP.A024_HELA_24H_X2_B23:L07|REP.A024_HELA_24H_X3_B23:L07,,REP,fluspirilene,1,1,0,1,242,fluspirilene_10 uM_24 h_HELA,1,fluspirilene_10 uM_24 h
b23,1.11,1.11111,uM,1.11 uM,24 h,24,h,HELA,BRD-A62025033,3,0.4026,222,0.302304,0.0894454,"0.33,0.36,0.31",0.132979,1.86885,0.378449,0.496447,7.64,30.0029,1,1,BRD-A62025033,REP.A021_HELA_24H:E03,trt_cp,HELA,E03,REP.A021_HELA_24H_X1_B23|REP.A021_HELA_24H_X2_B23|REP.A021_HELA_24H_X3_B23,REP.A021_HELA_24H_X1_B23:E03|REP.A021_HELA_24H_X2_B23:E03|REP.A021_HELA_24H_X3_B23:E03,,REP,temsirolimus,1,1,0,1,242,temsirolimus_1.11 uM_24 h_HELA,1,temsirolimus_1.11 uM_24 h
b22,2.22,2.30769,uM,2.22 uM,24 h,24,h,HELA,BRD-K26619122,3,0.5069,315,0.404061,0,"0.33,0.32,0.36",0,0,0.492566,0.763372,10.66,45.2771,1,1,BRD-K26619122,REP.B001_HELA_24H:F01,trt_cp,HELA,F01,REP.B001_HELA_24H_X1_B22|REP.B001_HELA_24H_X2_B22|REP.B001_HELA_24H_X3_B22,REP.B001_HELA_24H_X1_B22:F01|REP.B001_HELA_24H_X2_B22:F01|REP.B001_HELA_24H_X3_B22:F01,,REP,BRD-K26619122,1,1,0,1,242,BRD-K26619122_2.22 uM_24 h_HELA,1,BRD-K26619122_2.22 uM_24 h
b22,2.22,2.30769,uM,2.22 uM,3 h,3,h,HELA,BRD-A16347691,3,0.6745,488,0.580138,0.647321,"0.34,0.35,0.30",0.938338,1.74121,0.56393,0.660644,9.9,41.3724,1,1,BRD-A16347691,REP.B002_HELA_3H:F01,trt_cp,HELA,F01,REP.B002_HELA_3H_X1_B22|REP.B002_HELA_3H_X2_B22|REP.B002_HELA_3H_X3_B22,REP.B002_HELA_3H_X1_B22:F01|REP.B002_HELA_3H_X2_B22:F01|REP.B002_HELA_3H_X3_B22:F01,,REP,thioctic-acid,1,1,0,1,242,thioctic-acid_2.22 uM_3 h_HELA,1,thioctic-acid_2.22 uM_3 h
b23,10,10,uM,10 uM,24 h,24,h,HELA,BRD-A61221616,3,0.4144,227,0.310137,0.271739,"0.31,0.34,0.34",0.265252,0,0.361104,0.628799,11.96,51.9093,1,1,BRD-A61221616,REP.A015_HELA_24H:P07,trt_cp,HELA,P07,REP.A015_HELA_24H_X1_B23|REP.A015_HELA_24H_X2_B23|REP.A015_HELA_24H_X3_B23,REP.A015_HELA_24H_X1_B23:P07|REP.A015_HELA_24H_X2_B23:P07|REP.A015_HELA_24H_X3_B23:P07,,REP,medroxyprogesterone-acetate,1,1,0,1,242,medroxyprogesterone-acetate_10 uM_24 h_HELA,1,medroxyprogesterone-acetate_10 uM_24 h
b23,10,10,uM,10 uM,24 h,24,h,HELA,BRD-K84683831,3,0.5185,244,0.359666,0.33542,"0.31,0.32,0.36",1.6129,0.134409,0.491639,0.642763,7.64,30.0029,1,1,BRD-K84683831,REP.A021_HELA_24H:K01,trt_cp,HELA,K01,REP.A021_HELA_24H_X1_B23|REP.A021_HELA_24H_X2_B23|REP.A021_HELA_24H_X3_B23,REP.A021_HELA_24H_X1_B23:K01|REP.A021_HELA_24H_X2_B23:K01|REP.A021_HELA_24H_X3_B23:K01,,REP,radezolid,1,1,0,1,242,radezolid_10 uM_24 h_HELA,1,radezolid_10 uM_24 h
b25,10,10,uM,10 uM,24 h,24,h,HELA,BRD-K95901403,3,0.5725,378,0.470397,0,"0.33,0.34,0.33",0,0,0.570777,0.78554,27.26,90.0947,1,1,BRD-K95901403,REP.A028_HELA_24H:K01,trt_cp,HELA,K01,REP.A028_HELA_24H_X1_B25|REP.A028_HELA_24H_X2_B25|REP.A028_HELA_24H_X3_B25,REP.A028_HELA_24H_X1_B25:K01|REP.A028_HELA_24H_X2_B25:K01|REP.A028_HELA_24H_X3_B25:K01,,REP,XL-147,1,1,0,1,242,XL-147_10 uM_24 h_HELA,1,XL-147_10 uM_24 h
b22,10,10,uM,10 uM,24 h,24,h,HELA,BRD-K32501161,3,0.5818,480,0.534365,0,"0.30,0.33,0.37",0,0,0.505295,0.793957,8.45,34.0511,1,1,BRD-K32501161,REP.A003_HELA_24H:F13,trt_cp,HELA,F13,REP.A003_HELA_24H_X1_B22|REP.A003_HELA_24H_X2_B22|REP.A003_HELA_24H_X3_B22,REP.A003_HELA_24H_X1_B22:F13|REP.A003_HELA_24H_X2_B22:F13|REP.A003_HELA_24H_X3_B22:F13,,REP,vanoxerine,1,1,0,1,242,vanoxerine_10 uM_24 h_HELA,1,vanoxerine_10 uM_24 h
b22,0.25,0.25641,uM,0.25 uM,3 h,3,h,HELA,BRD-A19661776,3,0.4212,249,0.327472,2.23848,"0.23,0.38,0.39",10.3431,6.09659,0.215032,0.481096,9.16,37.8697,0,1,BRD-A19661776,REP.B004_HELA_3H:C09,trt_cp,HELA,C09,REP.B004_HELA_3H_X1_B22|REP.B004_HELA_3H_X2_B22|REP.B004_HELA_3H_X3_B22,REP.B004_HELA_3H_X1_B22:C09|REP.B004_HELA_3H_X2_B22:C09|REP.B004_HELA_3H_X3_B22:C09,,REP,mianserin,1,1,0,1,242,mianserin_0.25 uM_3 h_HELA,1,mianserin_0.25 uM_3 h
b23,10,10,uM,10 uM,24 h,24,h,HELA,BRD-A70858459,3,0.5949,289,0.419277,0,"0.35,0.32,0.33",0,0.266667,0.571976,0.806017,9.58,39.8794,1,1,BRD-A70858459,REP.A022_HELA_24H:H07,trt_cp,HELA,H07,REP.A022_HELA_24H_X1_B23|REP.A022_HELA_24H_X2_B23|REP.A022_HELA_24H_X3_B23,REP.A022_HELA_24H_X1_B23:H07|REP.A022_HELA_24H_X2_B23:H07|REP.A022_HELA_24H_X3_B23:H07,,REP,estramustine,1,1,0,1,242,estramustine_10 uM_24 h_HELA,1,estramustine_10 uM_24 h
b22,0.25,0.25641,uM,0.25 uM,24 h,24,h,HELA,BRD-A27376179,3,0.3895,226,0.300012,0.0891266,"0.34,0.37,0.29",3.90836,0,0.311748,0.714978,10.66,45.2771,1,1,BRD-A27376179,REP.B001_HELA_24H:G03,trt_cp,HELA,G03,REP.B001_HELA_24H_X1_B22|REP.B001_HELA_24H_X2_B22|REP.B001_HELA_24H_X3_B22,REP.B001_HELA_24H_X1_B22:G03|REP.B001_HELA_24H_X2_B22:G03|REP.B001_HELA_24H_X3_B22:G03,,REP,lestaurtinib,1,1,0,1,242,lestaurtinib_0.25 uM_24 h_HELA,1,lestaurtinib_0.25 uM_24 h
b22,10,10,uM,10 uM,24 h,24,h,HELA,BRD-K23228615,3,0.6196,404,0.505914,0.0449236,"0.32,0.35,0.33",0,0.134771,0.601535,0.719151,18.68,76.3135,1,1,BRD-K23228615,REP.A006_HELA_24H:N19,trt_cp,HELA,N19,REP.A006_HELA_24H_X1_B22|REP.A006_HELA_24H_X2_B24|REP.A006_HELA_24H_X3_B22,REP.A006_HELA_24H_X1_B22:N19|REP.A006_HELA_24H_X2_B24:N19|REP.A006_HELA_24H_X3_B22:N19,,REP,GDC-0980,1,1,0,1,242,GDC-0980_10 uM_24 h_HELA,1,GDC-0980_10 uM_24 h
b22,3.33,3.33333,uM,3.33 uM,24 h,24,h,HELA,BRD-K40718343,3,0.7094,422,0.553264,0,"0.33,0.33,0.33",0,0,0.708003,0.867617,10.01,42.0902,1,1,BRD-K40718343,REP.A007_HELA_24H:F14,trt_cp,HELA,F14,REP.A007_HELA_24H_X1_B22|REP.A007_HELA_24H_X2_B22|REP.A007_HELA_24H_X3_B22,REP.A007_HELA_24H_X1_B22:F14|REP.A007_HELA_24H_X2_B22:F14|REP.A007_HELA_24H_X3_B22:F14,,REP,AEE-788,1,1,0,1,242,AEE-788_3.33 uM_24 h_HELA,1,AEE-788_3.33 uM_24 h
b23,10,10,uM,10 uM,24 h,24,h,HELA,BRD-K68392338,3,0.4261,221,0.310301,0,"0.35,0.32,0.33",0,0,0.40276,0.716312,13.62,59.8622,1,1,BRD-K68392338,REP.A023_HELA_24H:C13,trt_cp,HELA,C13,REP.A023_HELA_24H_X1_B23|REP.A023_HELA_24H_X2_B23|REP.A023_HELA_24H_X3_B23,REP.A023_HELA_24H_X1_B23:C13|REP.A023_HELA_24H_X2_B23:C13|REP.A023_HELA_24H_X3_B23:C13,,REP,ZK-93426,1,1,0,1,242,ZK-93426_10 uM_24 h_HELA,1,ZK-93426_10 uM_24 h
b23,10,10,uM,10 uM,24 h,24,h,HELA,BRD-K59573506,3,0.7024,408,0.541319,0,"0.35,0.33,0.33",0.271003,0.406504,0.699959,0.837732,10.84,46.0523,1,1,BRD-K59573506,REP.A014_HELA_24H:H07,trt_cp,HELA,H07,REP.A014_HELA_24H_X1_B23|REP.A014_HELA_24H_X2_B23|REP.A014_HELA_24H_X3_B23,REP.A014_HELA_24H_X1_B23:H07|REP.A014_HELA_24H_X2_B23:H07|REP.A014_HELA_24H_X3_B23:H07,,REP,BRD-K59573506,1,1,0,1,242,BRD-K59573506_10 uM_24 h_HELA,1,BRD-K59573506_10 uM_24 h
b23,3.33,3.33333,uM,3.33 uM,24 h,24,h,HELA,BRD-K68065987,3,0.4672,196,0.305992,0.0223414,"0.32,0.32,0.35",0,0,0.460335,0.659524,13.62,59.8622,1,1,BRD-K68065987,REP.A023_HELA_24H:A20,trt_cp,HELA,A20,REP.A023_HELA_24H_X1_B23|REP.A023_HELA_24H_X2_B23|REP.A023_HELA_24H_X3_B23,REP.A023_HELA_24H_X1_B23:A20|REP.A023_HELA_24H_X2_B23:A20|REP.A023_HELA_24H_X3_B23:A20,,REP,MK-2206,1,1,0,1,242,MK-2206_3.33 uM_24 h_HELA,1,MK-2206_3.33 uM_24 h
b22,10,10,uM,10 uM,24 h,24,h,HELA,BRD-K17561142,3,0.4447,218,0.314842,0.221435,"0.40,0.36,0.25",3.71353,0,0.279092,0.751163,4.8,18.8918,1,1,BRD-K17561142,REP.A002_HELA_24H:K13,trt_cp,HELA,K13,REP.A002_HELA_24H_X1_B22|REP.A002_HELA_24H_X2_B22|REP.A002_HELA_24H_X3_B22,REP.A002_HELA_24H_X1_B22:K13|REP.A002_HELA_24H_X2_B22:K13|REP.A002_HELA_24H_X3_B22:K13,,REP,amiodarone,1,1,0,1,242,amiodarone_10 uM_24 h_HELA,1,amiodarone_10 uM_24 h
b22,3.33,3.33333,uM,3.33 uM,3 h,3,h,HELA,BRD-K08037784,3,0.5626,363,0.456966,1.09865,"0.33,0.30,0.36",2.03876,5.07178,0.486568,0.562249,10.88,46.1958,1,1,BRD-K08037784,REP.A005_HELA_3H:B14,trt_cp,HELA,B14,REP.A005_HELA_3H_X1_B22|REP.A005_HELA_3H_X2_B22|REP.A005_HELA_3H_X3_B22,REP.A005_HELA_3H_X1_B22:B14|REP.A005_HELA_3H_X2_B22:B14|REP.A005_HELA_3H_X3_B22:B14,,REP,arbutin,1,1,0,1,242,arbutin_3.33 uM_3 h_HELA,1,arbutin_3.33 uM_3 h
b22,10,10,uM,10 uM,24 h,24,h,HELA,BRD-A08187463,3,0.5836,447,0.516466,0.404676,"0.36,0.32,0.33",0.928786,0.678662,0.567984,0.671203,10.05,42.3198,1,1,BRD-A08187463,REP.A005_HELA_24H:B19,trt_cp,HELA,B19,REP.A005_HELA_24H_X1_B22|REP.A005_HELA_24H_X2_B22|REP.A005_HELA_24H_X3_B22,REP.A005_HELA_24H_X1_B22:B19|REP.A005_HELA_24H_X2_B22:B19|REP.A005_HELA_24H_X3_B22:B19,,REP,racecadotril,1,1,0,1,242,racecadotril_10 uM_24 h_HELA,1,racecadotril_10 uM_24 h
b23,10,10,uM,10 uM,24 h,24,h,HELA,BRD-A51078674,3,0.635,371,0.4908,0,"0.34,0.34,0.33",0,0,0.607572,0.816757,11.96,51.9093,1,1,BRD-A51078674,REP.A015_HELA_24H:M13,trt_cp,HELA,M13,REP.A015_HELA_24H_X1_B23|REP.A015_HELA_24H_X2_B23|REP.A015_HELA_24H_X3_B23,REP.A015_HELA_24H_X1_B23:M13|REP.A015_HELA_24H_X2_B23:M13|REP.A015_HELA_24H_X3_B23:M13,,REP,diclofensine,1,1,0,1,242,diclofensine_10 uM_24 h_HELA,1,diclofensine_10 uM_24 h
b23,0.125,0.123457,uM,0.125 uM,24 h,24,h,HELA,BRD-K51967704,3,0.5755,364,0.462811,0,"0.33,0.36,0.31",0,0,0.542213,0.830257,16.76,70.9733,1,1,BRD-K51967704,REP.A016_HELA_24H:D23,trt_cp,HELA,D23,REP.A016_HELA_24H_X1_B23|REP.A016_HELA_24H_X2_B23|REP.A016_HELA_24H_X3_B23,REP.A016_HELA_24H_X1_B23:D23|REP.A016_HELA_24H_X2_B23:D23|REP.A016_HELA_24H_X3_B23:D23,,REP,BIIB-021,1,1,0,1,242,BIIB-021_0.125 uM_24 h_HELA,1,BIIB-021_0.125 uM_24 h
b23,0.04,0.0411523,uM,0.04 uM,24 h,24,h,HELA,BRD-K84794093,3,0.4426,206,0.30533,0.290698,"0.35,0.36,0.29",3.99508,11.5056,0.3299,0.433506,7.64,30.0029,1,1,BRD-K84794093,REP.A021_HELA_24H:K18,trt_cp,HELA,K18,REP.A021_HELA_24H_X1_B23|REP.A021_HELA_24H_X2_B23|REP.A021_HELA_24H_X3_B23,REP.A021_HELA_24H_X1_B23:K18|REP.A021_HELA_24H_X2_B23:K18|REP.A021_HELA_24H_X3_B23:K18,,REP,dideoxyadenosine,1,1,0,1,242,dideoxyadenosine_0.04 uM_24 h_HELA,1,dideoxyadenosine_0.04 uM_24 h
b23,10,10,uM,10 uM,24 h,24,h,HELA,BRD-K74514084,3,0.5336,270,0.383814,0.0679348,"0.36,0.32,0.33",0,0,0.505288,0.708468,8,31.6107,1,1,BRD-K74514084,REP.A025_HELA_24H:I01,trt_cp,HELA,I01,REP.A025_HELA_24H_X1_B23|REP.A025_HELA_24H_X2_B23|REP.A025_HELA_24H_X3_B23,REP.A025_HELA_24H_X1_B23:I01|REP.A025_HELA_24H_X2_B23:I01|REP.A025_HELA_24H_X3_B23:I01,,REP,pazopanib,1,1,0,1,242,pazopanib_10 uM_24 h_HELA,1,pazopanib_10 uM_24 h
b24,0.25,0.25641,uM,0.25 uM,24 h,24,h,HELA,BRD-K36627727,3,0.5542,294,0.408167,0.201794,"0.35,0.35,0.31",0.405899,0.267427,0.46333,0.607877,3.67,15.9058,1,1,BRD-K36627727,REP.B003_HELA_24H:P15,trt_cp,HELA,P15,REP.B003_HELA_24H_X1.A2_B24|REP.B003_HELA_24H_X2_B22|REP.B003_HELA_24H_X3_B22,REP.B003_HELA_24H_X1.A2_B24:P15|REP.B003_HELA_24H_X2_B22:P15|REP.B003_HELA_24H_X3_B22:P15,,REP,tamibarotene,1,1,0,1,242,tamibarotene_0.25 uM_24 h_HELA,1,tamibarotene_0.25 uM_24 h
b23,10,10,uM,10 uM,24 h,24,h,HELA,BRD-K52751261,3,0.5447,340,0.43516,0.0227894,"0.31,0.35,0.34",0,0,0.480798,0.723483,16.76,70.9733,1,1,BRD-K52751261,REP.A016_HELA_24H:E19,trt_cp,HELA,E19,REP.A016_HELA_24H_X1_B23|REP.A016_HELA_24H_X2_B23|REP.A016_HELA_24H_X3_B23,REP.A016_HELA_24H_X1_B23:E19|REP.A016_HELA_24H_X2_B23:E19|REP.A016_HELA_24H_X3_B23:E19,,REP,TAK-715,1,1,0,1,242,TAK-715_10 uM_24 h_HELA,1,TAK-715_10 uM_24 h
b23,10,10.7164,uM,10 uM,24 h,24,h,HELA,BRD-A64553394,3,0.6681,427,0.540089,0,"0.32,0.34,0.34",0,0,0.616497,0.88492,20.02,79.644,1,1,BRD-A64553394,REP.A017_HELA_24H:H19,trt_cp,HELA,H19,REP.A017_HELA_24H_X1_B23|REP.A017_HELA_24H_X2_B23|REP.A017_HELA_24H_X3_B23,REP.A017_HELA_24H_X1_B23:H19|REP.A017_HELA_24H_X2_B23:H19|REP.A017_HELA_24H_X3_B23:H19,,REP,DPI-201106,1,1,0,1,242,DPI-201106_10 uM_24 h_HELA,1,DPI-201106_10 uM_24 h
b22,10,10,uM,10 uM,24 h,24,h,HELA,BRD-A29623586,3,0.3823,401,0.395918,1.64884,"0.43,0.29,0.27",5.0656,6.79468,0.358335,0.484651,8.08,31.9839,0,1,BRD-A29623586,REP.A001_HELA_24H:N01,trt_cp,HELA,N01,REP.A001_HELA_24H_X1_B22|REP.A001_HELA_24H_X2_B22|REP.A001_HELA_24H_X3_B22,REP.A001_HELA_24H_X1_B22:N01|REP.A001_HELA_24H_X2_B22:N01|REP.A001_HELA_24H_X3_B22:N01,,REP,anisodamine,1,1,0,1,242,anisodamine_10 uM_24 h_HELA,1,anisodamine_10 uM_24 h
b23,3.33,3.33333,uM,3.33 uM,24 h,24,h,HELA,BRD-K56291712,3,0.5014,253,0.36015,0,"0.31,0.33,0.36",0.265252,1.22764,0.464056,0.603821,11.96,51.9093,1,1,BRD-K56291712,REP.A015_HELA_24H:C08,trt_cp,HELA,C08,REP.A015_HELA_24H_X1_B23|REP.A015_HELA_24H_X2_B23|REP.A015_HELA_24H_X3_B23,REP.A015_HELA_24H_X1_B23:C08|REP.A015_HELA_24H_X2_B23:C08|REP.A015_HELA_24H_X3_B23:C08,,REP,voxtalisib,1,1,0,1,242,voxtalisib_3.33 uM_24 h_HELA,1,voxtalisib_3.33 uM_24 h
b22,10,10,uM,10 uM,24 h,24,h,HELA,BRD-K32821942,3,0.4658,216,0.320743,0.0224618,"0.34,0.34,0.32",0,0,0.437457,0.694808,8.45,34.0511,1,1,BRD-K32821942,REP.A003_HELA_24H:F19,trt_cp,HELA,F19,REP.A003_HELA_24H_X1_B22|REP.A003_HELA_24H_X2_B22|REP.A003_HELA_24H_X3_B22,REP.A003_HELA_24H_X1_B22:F19|REP.A003_HELA_24H_X2_B22:F19|REP.A003_HELA_24H_X3_B22:F19,,REP,azathioprine,1,1,0,1,242,azathioprine_10 uM_24 h_HELA,1,azathioprine_10 uM_24 h
b22,10,10,uM,10 uM,24 h,24,h,HELA,BRD-K17068645,3,0.384,245,0.310155,2.83437,"0.27,0.40,0.33",6.1136,4.39515,0.303775,0.52059,4.8,18.8918,1,1,BRD-K17068645,REP.A002_HELA_24H:J01,trt_cp,HELA,J01,REP.A002_HELA_24H_X1_B22|REP.A002_HELA_24H_X2_B22|REP.A002_HELA_24H_X3_B22,REP.A002_HELA_24H_X1_B22:J01|REP.A002_HELA_24H_X2_B22:J01|REP.A002_HELA_24H_X3_B22:J01,,REP,bendamustine,1,1,0,1,242,bendamustine_10 uM_24 h_HELA,1,bendamustine_10 uM_24 h
b22,10,10,uM,10 uM,24 h,24,h,HELA,BRD-K18961567,3,0.5639,318,0.428199,0,"0.34,0.34,0.32",0,0,0.513483,0.760786,18.68,76.3135,1,1,BRD-K18961567,REP.A006_HELA_24H:B13,trt_cp,HELA,B13,REP.A006_HELA_24H_X1_B22|REP.A006_HELA_24H_X2_B24|REP.A006_HELA_24H_X3_B22,REP.A006_HELA_24H_X1_B22:B13|REP.A006_HELA_24H_X2_B24:B13|REP.A006_HELA_24H_X3_B22:B13,,REP,LY-2801653,1,1,0,1,242,LY-2801653_10 uM_24 h_HELA,1,LY-2801653_10 uM_24 h
b22,3.33,3.33333,uM,3.33 uM,24 h,24,h,HELA,BRD-K25650355,3,0.426,279,0.348608,1.35918,"0.32,0.37,0.31",3.08401,2.52912,0.399746,0.580045,8.08,31.9839,1,1,BRD-K25650355,REP.A001_HELA_24H:C02,trt_cp,HELA,C02,REP.A001_HELA_24H_X1_B22|REP.A001_HELA_24H_X2_B22|REP.A001_HELA_24H_X3_B22,REP.A001_HELA_24H_X1_B22:C02|REP.A001_HELA_24H_X2_B22:C02|REP.A001_HELA_24H_X3_B22:C02,,REP,physostigmine,1,1,0,1,242,physostigmine_3.33 uM_24 h_HELA,1,physostigmine_3.33 uM_24 h
b22,0.37,0.37037,uM,0.37 uM,24 h,24,h,HELA,BRD-K17743125,3,0.6141,317,0.446149,0,"0.32,0.36,0.32",0,0,0.606177,0.807108,4.8,18.8918,1,1,BRD-K17743125,REP.A002_HELA_24H:L22,trt_cp,HELA,L22,REP.A002_HELA_24H_X1_B22|REP.A002_HELA_24H_X2_B22|REP.A002_HELA_24H_X3_B22,REP.A002_HELA_24H_X1_B22:L22|REP.A002_HELA_24H_X2_B22:L22|REP.A002_HELA_24H_X3_B22:L22,,REP,belinostat,1,1,0,1,242,belinostat_0.37 uM_24 h_HELA,1,belinostat_0.37 uM_24 h
b25,10,10,uM,10 uM,24 h,24,h,HELA,BRD-K92428153,3,0.6532,356,0.487617,0,"0.34,0.31,0.35",0,0,0.564103,0.72327,27.26,90.0947,1,1,BRD-K92428153,REP.A028_HELA_24H:A07,trt_cp,HELA,A07,REP.A028_HELA_24H_X1_B25|REP.A028_HELA_24H_X2_B25|REP.A028_HELA_24H_X3_B25,REP.A028_HELA_24H_X1_B25:A07|REP.A028_HELA_24H_X2_B25:A07|REP.A028_HELA_24H_X3_B25:A07,,REP,mycophenolate-mofetil,1,1,0,1,242,mycophenolate-mofetil_10 uM_24 h_HELA,1,mycophenolate-mofetil_10 uM_24 h
b22,10,10,uM,10 uM,24 h,24,h,HELA,BRD-K23677682,3,0.5956,400,0.493558,0,"0.29,0.34,0.37",0,0,0.471605,0.784713,7.02,26.816,1,1,BRD-K23677682,REP.A004_HELA_24H:J07,trt_cp,HELA,J07,REP.A004_HELA_24H_X1_B22|REP.A004_HELA_24H_X2_B22|REP.A004_HELA_24H_X3_B22,REP.A004_HELA_24H_X1_B22:J07|REP.A004_HELA_24H_X2_B22:J07|REP.A004_HELA_24H_X3_B22:J07,,REP,voreloxin,1,1,0,1,242,voreloxin_10 uM_24 h_HELA,1,voreloxin_10 uM_24 h
b23,1.11,1.11111,uM,1.11 uM,24 h,24,h,HELA,BRD-A72711497,3,0.7191,532,0.625433,0.0670241,"0.35,0.34,0.31",0.131926,0,0.605069,0.764352,13.62,59.8622,1,1,BRD-A72711497,REP.A023_HELA_24H:P03,trt_cp,HELA,P03,REP.A023_HELA_24H_X1_B23|REP.A023_HELA_24H_X2_B23|REP.A023_HELA_24H_X3_B23,REP.A023_HELA_24H_X1_B23:P03|REP.A023_HELA_24H_X2_B23:P03|REP.A023_HELA_24H_X3_B23:P03,,REP,lasalocid,1,1,0,1,242,lasalocid_1.11 uM_24 h_HELA,1,lasalocid_1.11 uM_24 h
b24,0.08,0.0854701,uM,0.08 uM,24 h,24,h,HELA,BRD-K36467523,3,0.8153,558,0.682035,0.0224215,"0.32,0.34,0.34",0.131926,0.135501,0.757224,0.865247,3.67,15.9058,1,1,BRD-K36467523,REP.B003_HELA_24H:O16,trt_cp,HELA,O16,REP.B003_HELA_24H_X1.A2_B24|REP.B003_HELA_24H_X2_B22|REP.B003_HELA_24H_X3_B22,REP.B003_HELA_24H_X1.A2_B24:O16|REP.B003_HELA_24H_X2_B22:O16|REP.B003_HELA_24H_X3_B22:O16,,REP,bindarit,1,1,0,1,242,bindarit_0.08 uM_24 h_HELA,1,bindarit_0.08 uM_24 h
b22,2.22,2.30769,uM,2.22 uM,24 h,24,h,HELA,BRD-A09349126,3,0.6793,385,0.51712,0,"0.33,0.34,0.33",0,0,0.661894,0.851197,7.52,29.2851,1,1,BRD-A09349126,REP.B005_HELA_24H:G07,trt_cp,HELA,G07,REP.B005_HELA_24H_X1_B22|REP.B005_HELA_24H_X2_B22|REP.B005_HELA_24H_X3_B22,REP.B005_HELA_24H_X1_B22:G07|REP.B005_HELA_24H_X2_B22:G07|REP.B005_HELA_24H_X3_B22:G07,,REP,norethindrone,1,1,0,1,242,norethindrone_2.22 uM_24 h_HELA,1,norethindrone_2.22 uM_24 h
b23,10,10,uM,10 uM,24 h,24,h,HELA,BRD-A53566267,3,0.7418,516,0.625603,0,"0.34,0.32,0.33",0,0,0.713502,0.859965,16.76,70.9733,1,1,BRD-A53566267,REP.A016_HELA_24H:G19,trt_cp,HELA,G19,REP.A016_HELA_24H_X1_B23|REP.A016_HELA_24H_X2_B23|REP.A016_HELA_24H_X3_B23,REP.A016_HELA_24H_X1_B23:G19|REP.A016_HELA_24H_X2_B23:G19|REP.A016_HELA_24H_X3_B23:G19,,REP,anecortave-acetate,1,1,0,1,242,anecortave-acetate_10 uM_24 h_HELA,1,anecortave-acetate_10 uM_24 h
b23,10,10,uM,10 uM,24 h,24,h,HELA,BRD-K70490179,3,0.3945,229,0.303929,0.848972,"0.31,0.34,0.36",1.77102,1.06423,0.342167,0.567859,13.62,59.8622,1,1,BRD-K70490179,REP.A023_HELA_24H:J01,trt_cp,HELA,J01,REP.A023_HELA_24H_X1_B23|REP.A023_HELA_24H_X2_B23|REP.A023_HELA_24H_X3_B23,REP.A023_HELA_24H_X1_B23:J01|REP.A023_HELA_24H_X2_B23:J01|REP.A023_HELA_24H_X3_B23:J01,,REP,rimcazole,1,1,0,1,242,rimcazole_10 uM_24 h_HELA,1,rimcazole_10 uM_24 h
b25,10,10,uM,10 uM,24 h,24,h,HELA,BRD-K97399794,3,0.6544,464,0.5572,0.0221631,"0.34,0.34,0.33",0,0.132626,0.627831,0.816557,27.26,90.0947,1,1,BRD-K97399794,REP.A028_HELA_24H:P01,trt_cp,HELA,P01,REP.A028_HELA_24H_X1_B25|REP.A028_HELA_24H_X2_B25|REP.A028_HELA_24H_X3_B25,REP.A028_HELA_24H_X1_B25:P01|REP.A028_HELA_24H_X2_B25:P01|REP.A028_HELA_24H_X3_B25:P01,,REP,quercetin,1,1,0,1,242,quercetin_10 uM_24 h_HELA,1,quercetin_10 uM_24 h
b24,0.03,0.02849,uM,0.03 uM,24 h,24,h,HELA,BRD-K35629949,3,0.4946,180,0.301713,0.807175,"0.32,0.33,0.35",1.32432,1.49167,0.483601,0.528382,3.67,15.9058,1,1,BRD-K35629949,REP.B003_HELA_24H:M17,trt_cp,HELA,M17,REP.B003_HELA_24H_X1.A2_B24|REP.B003_HELA_24H_X2_B22|REP.B003_HELA_24H_X3_B22,REP.B003_HELA_24H_X1.A2_B24:M17|REP.B003_HELA_24H_X2_B22:M17|REP.B003_HELA_24H_X3_B22:M17,,REP,SR-27897,1,1,0,1,242,SR-27897_0.03 uM_24 h_HELA,1,SR-27897_0.03 uM_24 h
b23,10,10,uM,10 uM,24 h,24,h,HELA,BRD-K56104152,3,0.5973,427,0.51067,0,"0.28,0.33,0.39",0.265252,0,0.49791,0.715963,11.96,51.9093,1,1,BRD-K56104152,REP.A015_HELA_24H:C01,trt_cp,HELA,C01,REP.A015_HELA_24H_X1_B23|REP.A015_HELA_24H_X2_B23|REP.A015_HELA_24H_X3_B23,REP.A015_HELA_24H_X1_B23:C01|REP.A015_HELA_24H_X2_B23:C01|REP.A015_HELA_24H_X3_B23:C01,,REP,oxiconazole,1,1,0,1,242,oxiconazole_10 uM_24 h_HELA,1,oxiconazole_10 uM_24 h
b22,1.11,1.11111,uM,1.11 uM,24 h,24,h,HELA,BRD-K17203476,3,0.4674,211,0.317553,0.0221435,"0.34,0.33,0.33",0,0.266674,0.455255,0.615602,4.8,18.8918,1,1,BRD-K17203476,REP.A002_HELA_24H:J09,trt_cp,HELA,J09,REP.A002_HELA_24H_X1_B22|REP.A002_HELA_24H_X2_B22|REP.A002_HELA_24H_X3_B22,REP.A002_HELA_24H_X1_B22:J09|REP.A002_HELA_24H_X2_B22:J09|REP.A002_HELA_24H_X3_B22:J09,,REP,LY-2874455,1,1,0,1,242,LY-2874455_1.11 uM_24 h_HELA,1,LY-2874455_1.11 uM_24 h
b22,0.01,0.00949668,uM,0.01 uM,3 h,3,h,HELA,BRD-K29322660,3,0.5595,403,0.480157,1.11566,"0.35,0.32,0.32",1.21079,2.95051,0.55547,0.576903,6.6,25.524,1,1,BRD-K29322660,REP.B001_HELA_3H:K24,trt_cp,HELA,K24,REP.B001_HELA_3H_X1_B22|REP.B001_HELA_3H_X2_B22|REP.B001_HELA_3H_X3_B22,REP.B001_HELA_3H_X1_B22:K24|REP.B001_HELA_3H_X2_B22:K24|REP.B001_HELA_3H_X3_B22:K24,,REP,edoxaban,1,1,0,1,242,edoxaban_0.01 uM_3 h_HELA,1,edoxaban_0.01 uM_3 h
b25,0.37,0.37037,uM,0.37 uM,24 h,24,h,HELA,BRD-A93424738,3,0.577,353,0.456358,0.0886525,"0.31,0.33,0.36",0.132626,0,0.534216,0.702571,27.26,90.0947,1,1,BRD-A93424738,REP.A028_HELA_24H:F04,trt_cp,HELA,F04,REP.A028_HELA_24H_X1_B25|REP.A028_HELA_24H_X2_B25|REP.A028_HELA_24H_X3_B25,REP.A028_HELA_24H_X1_B25:F04|REP.A028_HELA_24H_X2_B25:F04|REP.A028_HELA_24H_X3_B25:F04,,REP,dexamethasone-acetate,1,1,0,1,242,dexamethasone-acetate_0.37 uM_24 h_HELA,1,dexamethasone-acetate_0.37 uM_24 h
b23,0.04,0.0411523,uM,0.04 uM,24 h,24,h,HELA,BRD-K78485176,3,0.6983,486,0.589074,0.245536,"0.35,0.29,0.36",0.807397,1.3536,0.520087,0.710672,7.03,26.8734,1,1,BRD-K78485176,REP.A024_HELA_24H:M12,trt_cp,HELA,M12,REP.A024_HELA_24H_X1_B23|REP.A024_HELA_24H_X2_B23|REP.A024_HELA_24H_X3_B23,REP.A024_HELA_24H_X1_B23:M12|REP.A024_HELA_24H_X2_B23:M12|REP.A024_HELA_24H_X3_B23:M12,,REP,olmesartan-medoxomil,1,1,0,1,242,olmesartan-medoxomil_0.04 uM_24 h_HELA,1,olmesartan-medoxomil_0.04 uM_24 h
b22,10,10,uM,10 uM,24 h,24,h,HELA,BRD-A18917088,3,0.7583,533,0.642857,0,"0.33,0.34,0.33",0,0.269542,0.74096,0.828451,18.68,76.3135,1,1,BRD-A18917088,REP.A006_HELA_24H:B07,trt_cp,HELA,B07,REP.A006_HELA_24H_X1_B22|REP.A006_HELA_24H_X2_B24|REP.A006_HELA_24H_X3_B22,REP.A006_HELA_24H_X1_B22:B07|REP.A006_HELA_24H_X2_B24:B07|REP.A006_HELA_24H_X3_B22:B07,,REP,estradiol,1,1,0,1,242,estradiol_10 uM_24 h_HELA,1,estradiol_10 uM_24 h
b22,10,10,uM,10 uM,24 h,24,h,HELA,BRD-K29582115,3,0.6039,447,0.525372,0.0891266,"0.36,0.34,0.30",0.266667,0.266312,0.516039,0.634331,8.08,31.9839,1,1,BRD-K29582115,REP.A001_HELA_24H:M01,trt_cp,HELA,M01,REP.A001_HELA_24H_X1_B22|REP.A001_HELA_24H_X2_B22|REP.A001_HELA_24H_X3_B22,REP.A001_HELA_24H_X1_B22:M01|REP.A001_HELA_24H_X2_B22:M01|REP.A001_HELA_24H_X3_B22:M01,,REP,ziprasidone,1,1,0,1,242,ziprasidone_10 uM_24 h_HELA,1,ziprasidone_10 uM_24 h
b22,10,10,uM,10 uM,24 h,24,h,HELA,BRD-K11153516,3,0.6741,403,0.527042,0.202338,"0.33,0.33,0.33",0.26741,0.138122,0.667193,0.770589,10.05,42.3198,1,1,BRD-K11153516,REP.A005_HELA_24H:P01,trt_cp,HELA,P01,REP.A005_HELA_24H_X1_B22|REP.A005_HELA_24H_X2_B22|REP.A005_HELA_24H_X3_B22,REP.A005_HELA_24H_X1_B22:P01|REP.A005_HELA_24H_X2_B22:P01|REP.A005_HELA_24H_X3_B22:P01,,REP,iniparib,1,1,0,1,242,iniparib_10 uM_24 h_HELA,1,iniparib_10 uM_24 h
b23,10,10,uM,10 uM,24 h,24,h,HELA,BRD-K57371763,3,0.68,429,0.546152,0,"0.33,0.33,0.34",0,0,0.676644,0.874829,10.84,46.0523,1,1,BRD-K57371763,REP.A014_HELA_24H:D13,trt_cp,HELA,D13,REP.A014_HELA_24H_X1_B23|REP.A014_HELA_24H_X2_B23|REP.A014_HELA_24H_X3_B23,REP.A014_HELA_24H_X1_B23:D13|REP.A014_HELA_24H_X2_B23:D13|REP.A014_HELA_24H_X3_B23:D13,,REP,fidaxomicin,1,1,0,1,242,fidaxomicin_10 uM_24 h_HELA,1,fidaxomicin_10 uM_24 h
b23,10,10,uM,10 uM,24 h,24,h,HELA,BRD-K40797222,3,0.4172,335,0.378029,0.0225023,"0.32,0.33,0.35",1.0929,0.819672,0.391003,0.569381,10.84,46.0523,1,1,BRD-K40797222,REP.A014_HELA_24H:O07,trt_cp,HELA,O07,REP.A014_HELA_24H_X1_B23|REP.A014_HELA_24H_X2_B23|REP.A014_HELA_24H_X3_B23,REP.A014_HELA_24H_X1_B23:O07|REP.A014_HELA_24H_X2_B23:O07|REP.A014_HELA_24H_X3_B23:O07,,REP,SC-12267,1,1,0,1,242,SC-12267_10 uM_24 h_HELA,1,SC-12267_10 uM_24 h
b23,10,10,uM,10 uM,24 h,24,h,HELA,BRD-K69726595,3,0.5326,271,0.384163,0.223414,"0.34,0.34,0.31",1.21055,0.265616,0.473389,0.786122,13.62,59.8622,1,1,BRD-K69726595,REP.A023_HELA_24H:G07,trt_cp,HELA,G07,REP.A023_HELA_24H_X1_B23|REP.A023_HELA_24H_X2_B23|REP.A023_HELA_24H_X3_B23,REP.A023_HELA_24H_X1_B23:G07|REP.A023_HELA_24H_X2_B23:G07|REP.A023_HELA_24H_X3_B23:G07,,REP,mericitabine,1,1,0,1,242,mericitabine_10 uM_24 h_HELA,1,mericitabine_10 uM_24 h
b22,10,10,uM,10 uM,24 h,24,h,HELA,BRD-K15916496,3,0.4478,297,0.368766,0.0221435,"0.37,0.27,0.37",5.36193,0.795756,0.290343,0.574718,4.8,18.8918,1,1,BRD-K15916496,REP.A002_HELA_24H:B19,trt_cp,HELA,B19,REP.A002_HELA_24H_X1_B22|REP.A002_HELA_24H_X2_B22|REP.A002_HELA_24H_X3_B22,REP.A002_HELA_24H_X1_B22:B19|REP.A002_HELA_24H_X2_B22:B19|REP.A002_HELA_24H_X3_B22:B19,,REP,clotrimazole,1,1,0,1,242,clotrimazole_10 uM_24 h_HELA,1,clotrimazole_10 uM_24 h
b23,1.11,1.11111,uM,1.11 uM,24 h,24,h,HELA,BRD-K63861289,3,0.6177,502,0.563081,0.198763,"0.31,0.34,0.36",0.398936,0.531562,0.551738,0.743665,20.02,79.644,1,1,BRD-K63861289,REP.A017_HELA_24H:P03,trt_cp,HELA,P03,REP.A017_HELA_24H_X1_B23|REP.A017_HELA_24H_X2_B23|REP.A017_HELA_24H_X3_B23,REP.A017_HELA_24H_X1_B23:P03|REP.A017_HELA_24H_X2_B23:P03|REP.A017_HELA_24H_X3_B23:P03,,REP,molsidomine,1,1,0,1,242,molsidomine_1.11 uM_24 h_HELA,1,molsidomine_1.11 uM_24 h
b23,0.04,0.0411523,uM,0.04 uM,24 h,24,h,HELA,BRD-K57252450,3,0.7839,598,0.692327,0.315032,"0.33,0.34,0.33",0.674294,1.08121,0.774147,0.835584,10.84,46.0523,1,1,BRD-K57252450,REP.A014_HELA_24H:C18,trt_cp,HELA,C18,REP.A014_HELA_24H_X1_B23|REP.A014_HELA_24H_X2_B23|REP.A014_HELA_24H_X3_B23,REP.A014_HELA_24H_X1_B23:C18|REP.A014_HELA_24H_X2_B23:C18|REP.A014_HELA_24H_X3_B23:C18,,REP,cilengitide,1,1,0,1,242,cilengitide_0.04 uM_24 h_HELA,1,cilengitide_0.04 uM_24 h
b23,10,10,uM,10 uM,24 h,24,h,HELA,BRD-A50311610,3,0.4818,259,0.357202,0.0220848,"0.33,0.31,0.37",0.132626,0,0.447607,0.721992,20.02,79.644,1,1,BRD-A50311610,REP.A017_HELA_24H:E01,trt_cp,HELA,E01,REP.A017_HELA_24H_X1_B23|REP.A017_HELA_24H_X2_B23|REP.A017_HELA_24H_X3_B23,REP.A017_HELA_24H_X1_B23:E01|REP.A017_HELA_24H_X2_B23:E01|REP.A017_HELA_24H_X3_B23:E01,,REP,meclizine,1,1,0,1,242,meclizine_10 uM_24 h_HELA,1,meclizine_10 uM_24 h
b23,10,10,uM,10 uM,24 h,24,h,HELA,BRD-K23875128,3,0.5986,378,0.481,0,"0.32,0.35,0.33",0,0,0.578627,0.81104,16.76,70.9733,1,1,BRD-K23875128,REP.A016_HELA_24H:O19,trt_cp,HELA,O19,REP.A016_HELA_24H_X1_B23|REP.A016_HELA_24H_X2_B23|REP.A016_HELA_24H_X3_B23,REP.A016_HELA_24H_X1_B23:O19|REP.A016_HELA_24H_X2_B23:O19|REP.A016_HELA_24H_X3_B23:O19,,REP,BRD-K23875128,1,1,0,1,242,BRD-K23875128_10 uM_24 h_HELA,1,BRD-K23875128_10 uM_24 h
b23,3.33,3.33333,uM,3.33 uM,24 h,24,h,HELA,BRD-A68493689,3,0.4689,193,0.304193,0.0223414,"0.33,0.32,0.35",0,1.07716,0.453917,0.561689,13.62,59.8622,1,1,BRD-A68493689,REP.A023_HELA_24H:D20,trt_cp,HELA,D20,REP.A023_HELA_24H_X1_B23|REP.A023_HELA_24H_X2_B23|REP.A023_HELA_24H_X3_B23,REP.A023_HELA_24H_X1_B23:D20|REP.A023_HELA_24H_X2_B23:D20|REP.A023_HELA_24H_X3_B23:D20,,REP,simeprevir,1,1,0,1,242,simeprevir_3.33 uM_24 h_HELA,1,simeprevir_3.33 uM_24 h
b23,10,10,uM,10 uM,24 h,24,h,HELA,BRD-A77216878,3,0.8037,711,0.764385,0,"0.34,0.33,0.33",0,0,0.802357,0.739061,16.76,70.9733,1,1,BRD-A77216878,REP.A016_HELA_24H:M07,trt_cp,HELA,M07,REP.A016_HELA_24H_X1_B23|REP.A016_HELA_24H_X2_B23|REP.A016_HELA_24H_X3_B23,REP.A016_HELA_24H_X1_B23:M07|REP.A016_HELA_24H_X2_B23:M07|REP.A016_HELA_24H_X3_B23:M07,,REP,manumycin-a,1,1,0,1,242,manumycin-a_10 uM_24 h_HELA,1,manumycin-a_10 uM_24 h
b22,10,10,uM,10 uM,3 h,3,h,HELA,BRD-A22769835,3,0.4602,204,0.309827,0.246416,"0.35,0.43,0.22",0.54238,0,0.278857,0.667124,7.73,30.3187,1,1,BRD-A22769835,REP.A004_HELA_3H:J01,trt_cp,HELA,J01,REP.A004_HELA_3H_X1_B22|REP.A004_HELA_3H_X2_B22|REP.A004_HELA_3H_X3_B22,REP.A004_HELA_3H_X1_B22:J01|REP.A004_HELA_3H_X2_B22:J01|REP.A004_HELA_3H_X3_B22:J01,,REP,homochlorcyclizine,1,1,0,1,242,homochlorcyclizine_10 uM_3 h_HELA,1,homochlorcyclizine_10 uM_3 h
b23,3.33,3.33333,uM,3.33 uM,24 h,24,h,HELA,BRD-K62196610,3,0.5753,384,0.475273,0.067446,"0.34,0.36,0.30",0,0.135135,0.491718,0.692649,23.79,85.6446,1,1,BRD-K62196610,REP.A018_HELA_24H:A14,trt_cp,HELA,A14,REP.A018_HELA_24H_X1_B23|REP.A018_HELA_24H_X2_B23|REP.A018_HELA_24H_X3_B24,REP.A018_HELA_24H_X1_B23:A14|REP.A018_HELA_24H_X2_B23:A14|REP.A018_HELA_24H_X3_B24:A14,,REP,AVN-944,1,1,0,1,242,AVN-944_3.33 uM_24 h_HELA,1,AVN-944_3.33 uM_24 h
b22,10,10,uM,10 uM,3 h,3,h,HELA,BRD-K17075857,3,0.4156,239,0.318689,0.0222222,"0.36,0.29,0.34",1.06383,0,0.333626,0.755243,12.03,52.2538,1,1,BRD-K17075857,REP.A002_HELA_3H:I07,trt_cp,HELA,I07,REP.A002_HELA_3H_X1_B22|REP.A002_HELA_3H_X2_B22|REP.A002_HELA_3H_X3_B22,REP.A002_HELA_3H_X1_B22:I07|REP.A002_HELA_3H_X2_B22:I07|REP.A002_HELA_3H_X3_B22:I07,,REP,chloroxine,1,1,0,1,242,chloroxine_10 uM_3 h_HELA,1,chloroxine_10 uM_3 h
b22,10,10,uM,10 uM,24 h,24,h,HELA,BRD-K26603252,3,0.85,637,0.744063,0,"0.34,0.34,0.32",0,0,0.767934,0.894518,8.08,31.9839,1,1,BRD-K26603252,REP.A001_HELA_24H:E01,trt_cp,HELA,E01,REP.A001_HELA_24H_X1_B22|REP.A001_HELA_24H_X2_B22|REP.A001_HELA_24H_X3_B22,REP.A001_HELA_24H_X1_B22:E01|REP.A001_HELA_24H_X2_B22:E01|REP.A001_HELA_24H_X3_B22:E01,,REP,PD-153035,1,1,0,1,242,PD-153035_10 uM_24 h_HELA,1,PD-153035_10 uM_24 h
b22,0.125,0.123457,uM,0.125 uM,3 h,3,h,HELA,BRD-K18194590,3,0.3365,419,0.379691,2.48889,"0.50,0.13,0.37",3.18307,21.1931,0.140685,0.348492,12.03,52.2538,1,1,BRD-K18194590,REP.A002_HELA_3H:O11,trt_cp,HELA,O11,REP.A002_HELA_3H_X1_B22|REP.A002_HELA_3H_X2_B22|REP.A002_HELA_3H_X3_B22,REP.A002_HELA_3H_X1_B22:O11|REP.A002_HELA_3H_X2_B22:O11|REP.A002_HELA_3H_X3_B22:O11,,REP,mephentermine,1,1,0,1,242,mephentermine_0.125 uM_3 h_HELA,1,mephentermine_0.125 uM_3 h
b22,10,10,uM,10 uM,24 h,24,h,HELA,BRD-K17026858,3,0.7132,486,0.595325,0,"0.34,0.34,0.32",0,0,0.672156,0.7942,4.8,18.8918,1,1,BRD-K17026858,REP.A002_HELA_24H:I01,trt_cp,HELA,I01,REP.A002_HELA_24H_X1_B22|REP.A002_HELA_24H_X2_B22|REP.A002_HELA_24H_X3_B22,REP.A002_HELA_24H_X1_B22:I01|REP.A002_HELA_24H_X2_B22:I01|REP.A002_HELA_24H_X3_B22:I01,,REP,pibenzimol,1,1,0,1,242,pibenzimol_10 uM_24 h_HELA,1,pibenzimol_10 uM_24 h
b22,2.22,2.30769,uM,2.22 uM,3 h,3,h,HELA,BRD-K10961822,3,0.5736,391,0.478876,0.530504,"0.33,0.34,0.33",0.13369,0.931585,0.563987,0.664548,12.81,55.9575,1,1,BRD-K10961822,REP.B005_HELA_3H:N01,trt_cp,HELA,N01,REP.B005_HELA_3H_X1_B22|REP.B005_HELA_3H_X2_B22|REP.B005_HELA_3H_X3_B22,REP.B005_HELA_3H_X1_B22:N01|REP.B005_HELA_3H_X2_B22:N01|REP.B005_HELA_3H_X3_B22:N01,,REP,latanoprost,1,1,0,1,242,latanoprost_2.22 uM_3 h_HELA,1,latanoprost_2.22 uM_3 h
b22,10,10,uM,10 uM,24 h,24,h,HELA,BRD-K53665955,3,0.5649,258,0.386035,0,"0.34,0.33,0.33",0,0.132275,0.556864,0.755649,10.01,42.0902,1,1,BRD-K53665955,REP.A007_HELA_24H:K01,trt_cp,HELA,K01,REP.A007_HELA_24H_X1_B22|REP.A007_HELA_24H_X2_B22|REP.A007_HELA_24H_X3_B22,REP.A007_HELA_24H_X1_B22:K01|REP.A007_HELA_24H_X2_B22:K01|REP.A007_HELA_24H_X3_B22:K01,,REP,MK-5108,1,1,0,1,242,MK-5108_10 uM_24 h_HELA,1,MK-5108_10 uM_24 h
b22,0.01,0.00949668,uM,0.01 uM,24 h,24,h,HELA,BRD-K15976406,3,0.717,440,0.567958,0,"0.33,0.32,0.35",0,0,0.679436,0.866537,8.79,35.9747,1,1,BRD-K15976406,REP.B002_HELA_24H:D06,trt_cp,HELA,D06,REP.B002_HELA_24H_X1_B22|REP.B002_HELA_24H_X2_B22|REP.B002_HELA_24H_X3_B22,REP.B002_HELA_24H_X1_B22:D06|REP.B002_HELA_24H_X2_B22:D06|REP.B002_HELA_24H_X3_B22:D06,,REP,telbivudine,1,1,0,1,242,telbivudine_0.01 uM_24 h_HELA,1,telbivudine_0.01 uM_24 h
